outer_postcode	adm2
BN91	WEST_SUSSEX
EH77	EDINBURGH
S94	SHEFFIELD
PO24	PORTSMOUTH
EN77	HERTFORDSHIRE
GY4	GUERNSEY
JE2	JERSEY
GY5	GUERNSEY
GY10	GUERNSEY
GY8	GUERNSEY
GY7	GUERNSEY
GY3	GUERNSEY
GY6	GUERNSEY
JE3	JERSEY
JE1	JERSEY
BT66	ARMAGH_BANBRIDGE_AND_CRAIGAVON
BT47	DERRY_AND_STRABANE
BT23	LISBURN_AND_CASTLEREAGH|NEWRY_MOURNE_AND_DOWN|NORTH_DOWN_AND_ARDS
GY2	GUERNSEY
BT34	NEWRY_MOURNE_AND_DOWN
KW3	HIGHLAND
KA9	SOUTH_AYRSHIRE
KW2	HIGHLAND
SR43	SOUTH_TYNESIDE|NORTH_TYNESIDE|NEWCASTLE_UPON_TYNE|SUNDERLAND|GATESHEAD
PH17	PERTHSHIRE_AND_KINROSS
KW7	HIGHLAND
PA73	ARGYLL_AND_BUTE
M32	TRAFFORD
EH40	EAST_LOTHIAN
FK6	STIRLING|FALKIRK|STIRLING|PERTHSHIRE_AND_KINROSS
KA10	SOUTH_AYRSHIRE|ARGYLL_AND_BUTE|EAST_AYRSHIRE|NORTH_AYRSHIRE
AB38	MORAY
SS16	THURROCK|ESSEX
TR24	ISLES_OF_SCILLY
LL19	DENBIGHSHIRE|CONWY|FLINTSHIRE|WREXHAM
CM8	ESSEX
HS4	EILEAN_SIAR
FY8	LANCASHIRE
ME99	KENT
SG18	CENTRAL_BEDFORDSHIRE|BEDFORDSHIRE|HERTFORDSHIRE
S4	SHEFFIELD
LD4	POWYS
SG17	CENTRAL_BEDFORDSHIRE
PR6	BLACKBURN_WITH_DARWEN|LANCASHIRE|BOLTON|BURY|MANCHESTER|OLDHAM|ROCHDALE|SALFORD|STOCKPORT|TAMESIDE|TRAFFORD|WIGAN
NN7	MILTON_KEYNES|NORTHAMPTONSHIRE
TN37	EAST_SUSSEX
NE40	GATESHEAD
CF46	MERTHYR_TYDFIL
DT1	DORSET
NG14	NOTTINGHAMSHIRE
B24	BIRMINGHAM
TQ12	DEVON
EC3V	GREATER_LONDON
B49	WORCESTERSHIRE|WARWICKSHIRE
LN8	LINCOLNSHIRE
WD17	HERTFORDSHIRE
CH41	WIRRAL
TW7	GREATER_LONDON
IP4	SUFFOLK
NP19	NEWPORT
BA1	BATH_AND_NORTH_EAST_SOMERSET|WILTSHIRE
WR15	HEREFORDSHIRE|SHROPSHIRE|WORCESTERSHIRE
LL22	CONWY
IV44	HIGHLAND
LA1	LANCASHIRE
BL7	BLACKBURN_WITH_DARWEN|BOLTON|BURY|MANCHESTER|OLDHAM|ROCHDALE|SALFORD|STOCKPORT|TAMESIDE|TRAFFORD|WIGAN|LANCASHIRE
YO21	NORTH_YORKSHIRE
PE23	LINCOLNSHIRE
WC2N	GREATER_LONDON
PL26	CORNWALL
NR21	NORFOLK
G5	GLASGOW
IV51	HIGHLAND
LL39	GWYNEDD
HP22	BUCKINGHAMSHIRE
LD7	SHROPSHIRE|HEREFORDSHIRE|POWYS
IV55	HIGHLAND
EH19	MIDLOTHIAN
OX2	OXFORDSHIRE
B33	BIRMINGHAM
SM2	SURREY|GREATER_LONDON
EX7	DEVON
G78	GLASGOW|EAST_AYRSHIRE|NORTH_AYRSHIRE|INVERCLYDE|EAST_RENFREWSHIRE|RENFREWSHIRE|HIGHLAND
N81	GREATER_LONDON
GL17	HEREFORDSHIRE|GLOUCESTERSHIRE
B25	BIRMINGHAM
PA24	ARGYLL_AND_BUTE
ST13	STAFFORDSHIRE
AB32	ABERDEENSHIRE
CB8	SUFFOLK|CAMBRIDGESHIRE
NG21	NOTTINGHAMSHIRE
GU9	SURREY|HAMPSHIRE
GU2	SURREY
PO15	HAMPSHIRE
WA8	KNOWSLEY|SAINT_HELENS|SEFTON|WIRRAL|WARRINGTON
PA25	ARGYLL_AND_BUTE
TR14	CORNWALL
G12	GLASGOW
BT82	DERRY_AND_STRABANE
CF48	MERTHYR_TYDFIL
LS19	LEEDS
CT50	KENT
TA15	SOMERSET
RG9	OXFORDSHIRE|BUCKINGHAMSHIRE|BRACKNELL_FOREST|READING|SLOUGH|WEST_BERKSHIRE|WINDSOR_AND_MAIDENHEAD|WOKINGHAM
LE7	LEICESTERSHIRE
NG23	NOTTINGHAMSHIRE|LINCOLNSHIRE|LEICESTERSHIRE
BT36	ANTRIM_AND_NEWTOWNABBEY
LL56	GWYNEDD
GU18	SURREY
LS9	LEEDS
HP3	HERTFORDSHIRE
SP11	WILTSHIRE|HAMPSHIRE|BRACKNELL_FOREST|READING|SLOUGH|WEST_BERKSHIRE|WINDSOR_AND_MAIDENHEAD|WOKINGHAM
BH5	BOURNEMOUTH|POOLE
MK6	MILTON_KEYNES
EX16	DEVON
DT3	DORSET
PL12	CORNWALL|DEVON|PLYMOUTH
SY3	SHROPSHIRE
B46	BIRMINGHAM|SOLIHULL|WARWICKSHIRE
N9	GREATER_LONDON
ME3	KENT
ML10	SOUTH_LANARKSHIRE|EAST_AYRSHIRE|NORTH_AYRSHIRE|INVERCLYDE|EAST_RENFREWSHIRE|RENFREWSHIRE
SM7	SURREY|GREATER_LONDON
B45	BIRMINGHAM|WORCESTERSHIRE
M11	TAMESIDE
LS99	LEEDS
PA2	RENFREWSHIRE
RM6	GREATER_LONDON
LN2	LINCOLNSHIRE
PA4	RENFREWSHIRE
LE67	LEICESTERSHIRE
W3	GREATER_LONDON
B28	BIRMINGHAM
RG5	WOKINGHAM
PH2	PERTHSHIRE_AND_KINROSS
NR17	NORFOLK
SW1A	GREATER_LONDON
M26	BURY
CF42	RHONDDA_CYNON_TAFF
WR9	WORCESTERSHIRE
M23	BOLTON|BURY|MANCHESTER|OLDHAM|ROCHDALE|SALFORD|STOCKPORT|TAMESIDE|TRAFFORD|WIGAN
SP3	WILTSHIRE
CA17	CUMBRIA
M16	TRAFFORD|MANCHESTER|BOLTON|BURY|OLDHAM|ROCHDALE|SALFORD|STOCKPORT|TAMESIDE|WIGAN
CA16	CUMBRIA
PH14	PERTHSHIRE_AND_KINROSS
M4	MANCHESTER
BB7	LANCASHIRE
NP16	MONMOUTHSHIRE|NEWPORT|GLOUCESTERSHIRE|BATH_AND_NORTH_EAST_SOMERSET|NORTH_SOMERSET|SOUTH_GLOUCESTERSHIRE
BS28	SOMERSET
NW9	GREATER_LONDON
BA13	WILTSHIRE
WS5	SANDWELL|WALSALL
RG26	WEST_BERKSHIRE|HAMPSHIRE
B68	SANDWELL
TQ3	DEVON
S80	ROTHERHAM|DERBYSHIRE|NOTTINGHAMSHIRE
SW95	GREATER_LONDON
N17	GREATER_LONDON
ML11	WEST_LOTHIAN|EAST_AYRSHIRE|NORTH_AYRSHIRE|SOUTH_LANARKSHIRE|DUMFRIES_AND_GALLOWAY|SCOTTISH_BORDERS|NORTH_LANARKSHIRE
CF99	CARDIFF
E20	GREATER_LONDON
TA22	SOMERSET
CF45	RHONDDA_CYNON_TAFF
BA21	SOMERSET
SK23	DERBYSHIRE|CHESHIRE_EAST
PA36	ARGYLL_AND_BUTE
G20	GLASGOW
SO22	HAMPSHIRE
NE48	NORTHUMBERLAND
HU12	KINGSTON_UPON_HULL|EAST_RIDING_OF_YORKSHIRE
WD25	HERTFORDSHIRE
PO31	ISLE_OF_WIGHT
LS17	LEEDS|NORTH_YORKSHIRE
HU7	KINGSTON_UPON_HULL|EAST_RIDING_OF_YORKSHIRE
WS13	STAFFORDSHIRE
LE87	LEICESTER
BR1	GREATER_LONDON
IG9	GREATER_LONDON|ESSEX
PH34	HIGHLAND
GL13	GLOUCESTERSHIRE
B32	BIRMINGHAM
EC4N	GREATER_LONDON
EH39	EAST_LOTHIAN
EH11	EDINBURGH
DL9	NORTH_YORKSHIRE
ST19	SHROPSHIRE|STAFFORDSHIRE
BD23	NORTH_YORKSHIRE
KA13	NORTH_AYRSHIRE
AB99	ABERDEEN
M35	OLDHAM
WS1	SANDWELL
NE62	NORTHUMBERLAND
CM1	ESSEX
TN1	KENT
GU46	HAMPSHIRE|BRACKNELL_FOREST|READING|SLOUGH|WEST_BERKSHIRE|WINDSOR_AND_MAIDENHEAD|WOKINGHAM
N11	GREATER_LONDON
BT35	ARMAGH_BANBRIDGE_AND_CRAIGAVON
SE19	GREATER_LONDON
S14	SHEFFIELD
KA17	EAST_AYRSHIRE
PE29	CAMBRIDGESHIRE
DL17	DURHAM
WD7	HERTFORDSHIRE
PA31	ARGYLL_AND_BUTE
SA6	SWANSEA
S6	SHEFFIELD
PA26	ARGYLL_AND_BUTE
TS1	MIDDLESBROUGH
G43	GLASGOW
BN52	BRIGHTON_AND_HOVE
TS7	NORTH_YORKSHIRE
GU10	SURREY|HAMPSHIRE
BB10	LANCASHIRE
E16	GREATER_LONDON
PO3	PORTSMOUTH|HAMPSHIRE
NR31	SUFFOLK|NORFOLK
PA5	RENFREWSHIRE
RM12	GREATER_LONDON
DG4	DUMFRIES_AND_GALLOWAY
CT20	KENT
PO39	ISLE_OF_WIGHT
LL74	ANGLESEY
KY11	FIFE
BA4	SOMERSET
OX28	OXFORDSHIRE
LL37	GWYNEDD
BT44	MID_ULSTER|CAUSEWAY_COAST_AND_GLENS|MID_AND_EAST_ANTRIM
BS34	BATH_AND_NORTH_EAST_SOMERSET|NORTH_SOMERSET|SOUTH_GLOUCESTERSHIRE|BRISTOL
PA66	ARGYLL_AND_BUTE
BD11	BRADFORD|CALDERDALE|KIRKLEES|LEEDS
LL18	CONWY|DENBIGHSHIRE|FLINTSHIRE|WREXHAM
BH10	DORSET
AB51	ABERDEENSHIRE
PA75	ARGYLL_AND_BUTE
CT12	KENT
BS41	SOMERSET
G81	WEST_DUNBARTONSHIRE|EAST_DUNBARTONSHIRE|INVERCLYDE|EAST_RENFREWSHIRE|RENFREWSHIRE|PERTHSHIRE_AND_KINROSS|STIRLING|GLASGOW
BS36	SOUTH_GLOUCESTERSHIRE|BATH_AND_NORTH_EAST_SOMERSET|SOUTH_GLOUCESTERSHIRE|NORTH_SOMERSET
KY16	FIFE
SK15	TAMESIDE
KT24	SURREY
L3	KNOWSLEY|SAINT_HELENS|SEFTON|WIRRAL
TR3	CORNWALL
MK11	MILTON_KEYNES|NORTHAMPTONSHIRE
CA22	CUMBRIA
PL15	DEVON|CORNWALL
IV27	HIGHLAND
WV10	WOLVERHAMPTON|STAFFORDSHIRE
LN9	LINCOLNSHIRE
ME17	KENT
CA18	CUMBRIA
EH10	MIDLOTHIAN|EDINBURGH
TN14	KENT
EH52	WEST_LOTHIAN|EDINBURGH
LL25	CONWY
SP7	WILTSHIRE|DORSET
DA17	GREATER_LONDON
L34	KNOWSLEY|SAINT_HELENS|SEFTON|WIRRAL
SS9	ESSEX
EC2P	GREATER_LONDON
GU30	WEST_SUSSEX|HAMPSHIRE
NP22	BLAENAU_GWENT|CAERPHILLY
SA99	SWANSEA
EX13	SOMERSET|DEVON|DORSET
DY10	WORCESTERSHIRE
SG16	CENTRAL_BEDFORDSHIRE|HERTFORDSHIRE
PR9	LANCASHIRE|SEFTON
BN1	WEST_SUSSEX|EAST_SUSSEX|BRIGHTON_AND_HOVE
GL16	GLOUCESTERSHIRE
E13	GREATER_LONDON
NE36	SOUTH_TYNESIDE|NORTH_TYNESIDE|NEWCASTLE_UPON_TYNE|SUNDERLAND|GATESHEAD
UB18	GREATER_LONDON
HD1	KIRKLEES
BA3	BATH_AND_NORTH_EAST_SOMERSET|SOMERSET
S95	BARNSLEY|DONCASTER|ROTHERHAM|SHEFFIELD
CF44	MERTHYR_TYDFIL|NEATH_PORT_TALBOT|RHONDDA_CYNON_TAFF|POWYS
BS22	BRISTOL|BATH_AND_NORTH_EAST_SOMERSET|NORTH_SOMERSET|SOUTH_GLOUCESTERSHIRE
SE27	GREATER_LONDON
CA14	CUMBRIA
HU19	EAST_RIDING_OF_YORKSHIRE
S32	DERBYSHIRE|SHEFFIELD
G83	STIRLING|WEST_DUNBARTONSHIRE|ARGYLL_AND_BUTE|EAST_DUNBARTONSHIRE|PERTHSHIRE_AND_KINROSS
CV22	WARWICKSHIRE
HS3	EILEAN_SIAR
NR1	NORFOLK
BN15	WEST_SUSSEX
TS8	MIDDLESBROUGH|STOCKTON-ON-TEES|NORTH_YORKSHIRE|HARTLEPOOL
LA6	NORTH_YORKSHIRE|CUMBRIA|LANCASHIRE
B30	BIRMINGHAM
LL16	CONWY|DENBIGHSHIRE
TF13	SHROPSHIRE
DG5	DUMFRIES_AND_GALLOWAY
SN11	WILTSHIRE
SY25	CEREDIGION
DD8	ANGUS
HS1	EILEAN_SIAR
HR4	HEREFORDSHIRE
WF11	BRADFORD|CALDERDALE|KIRKLEES|LEEDS|WAKEFIELD|NORTH_YORKSHIRE
TN4	KENT|EAST_SUSSEX
EC1V	GREATER_LONDON
OX13	OXFORDSHIRE
TN32	EAST_SUSSEX
B67	SANDWELL|BIRMINGHAM
GU21	SURREY
TF12	SHROPSHIRE
CM20	HERTFORDSHIRE|ESSEX
FK17	STIRLING
CO5	ESSEX
G65	EAST_DUNBARTONSHIRE|WEST_DUNBARTONSHIRE|NORTH_LANARKSHIRE|FALKIRK|PERTHSHIRE_AND_KINROSS|STIRLING
BN22	EAST_SUSSEX
HP23	HERTFORDSHIRE|BUCKINGHAMSHIRE
HR6	HEREFORDSHIRE|POWYS|WORCESTERSHIRE
TF1	TELFORD_AND_WREKIN
LD1	POWYS
SA4	SWANSEA|CARMARTHENSHIRE
SK3	STOCKPORT
TW2	GREATER_LONDON
L39	LANCASHIRE
IV26	HIGHLAND
DN2	DONCASTER
AB37	HIGHLAND|MORAY
BH3	DORSET|BOURNEMOUTH|POOLE
B14	BIRMINGHAM|SOLIHULL|WORCESTERSHIRE
M21	MANCHESTER|BOLTON|BURY|OLDHAM|ROCHDALE|STOCKPORT|TAMESIDE|TRAFFORD|WIGAN|SALFORD
HU9	EAST_RIDING_OF_YORKSHIRE
BA6	SOMERSET
LA23	CUMBRIA
DA2	KENT
HU17	EAST_RIDING_OF_YORKSHIRE
S45	DERBYSHIRE
EN6	HERTFORDSHIRE
NR20	NORFOLK
HD9	BRADFORD|CALDERDALE|KIRKLEES|LEEDS|WAKEFIELD
L4	KNOWSLEY|SAINT_HELENS|SEFTON|WIRRAL
SM1	GREATER_LONDON
TA7	SOMERSET
L29	SEFTON
PR3	LANCASHIRE
MK12	MILTON_KEYNES|NORTHAMPTONSHIRE
NP8	MONMOUTHSHIRE|POWYS
W1J	GREATER_LONDON
DL12	NORTH_YORKSHIRE|DURHAM|CUMBRIA
SW1X	GREATER_LONDON
RH17	WEST_SUSSEX|EAST_SUSSEX
FK14	PERTHSHIRE_AND_KINROSS|FIFE|CLACKMANNANSHIRE
NE27	SOUTH_TYNESIDE|NORTH_TYNESIDE|NEWCASTLE_UPON_TYNE|SUNDERLAND|GATESHEAD
CA27	CUMBRIA
S42	DERBYSHIRE
IV6	HIGHLAND
BH14	DORSET
SY19	POWYS
SE17	GREATER_LONDON
CT19	KENT
DA15	GREATER_LONDON
NE69	NORTHUMBERLAND
DH8	NORTHUMBERLAND|DURHAM
PH12	ANGUS|PERTHSHIRE_AND_KINROSS
ST1	STOKE-ON-TRENT|STAFFORDSHIRE
KT19	SURREY|GREATER_LONDON
NP44	TORFAEN|MONMOUTHSHIRE
SY99	SHROPSHIRE
NR11	NORFOLK
UB11	GREATER_LONDON
HP20	BUCKINGHAMSHIRE
CF71	VALE_OF_GLAMORGAN
SP2	WILTSHIRE
LA15	CUMBRIA
PA41	ARGYLL_AND_BUTE
SE26	GREATER_LONDON
BT40	MID_AND_EAST_ANTRIM
BN18	WEST_SUSSEX
BT49	CAUSEWAY_COAST_AND_GLENS
IP11	SUFFOLK
TN9	KENT
IG6	GREATER_LONDON
BT74	FERMANAGH_AND_OMAGH
M45	BURY
PE7	CAMBRIDGESHIRE
TW3	GREATER_LONDON
OL7	TAMESIDE
CT8	KENT
M3	MANCHESTER|BOLTON|BURY|OLDHAM|ROCHDALE|STOCKPORT|TAMESIDE|TRAFFORD|WIGAN|SALFORD
S98	SHEFFIELD
G90	GLASGOW
L20	KNOWSLEY|SAINT_HELENS|SEFTON|WIRRAL
SO31	HAMPSHIRE
CA95	CUMBRIA
NR33	SUFFOLK|NORFOLK
BL1	BOLTON
CF63	VALE_OF_GLAMORGAN
WC2A	GREATER_LONDON
LE55	LEICESTER
CT5	KENT
GU52	HAMPSHIRE
CA10	CUMBRIA
BD20	BRADFORD|NORTH_YORKSHIRE|LANCASHIRE
PO1	PORTSMOUTH
WR12	WORCESTERSHIRE|GLOUCESTERSHIRE
IP31	SUFFOLK
TW17	SURREY
CH6	FLINTSHIRE
EH49	WEST_LOTHIAN|FALKIRK
LL36	GWYNEDD
NE70	NORTHUMBERLAND
FK2	STIRLING|FALKIRK
KW5	HIGHLAND
DE11	LEICESTERSHIRE|DERBYSHIRE|RUTLAND
PE19	CAMBRIDGESHIRE
IP12	SUFFOLK
TF10	STAFFORDSHIRE|SHROPSHIRE|TELFORD_AND_WREKIN
RH16	WEST_SUSSEX
EC1Y	GREATER_LONDON
LE3	LEICESTERSHIRE|LEICESTER
L22	SEFTON
UB6	GREATER_LONDON
TA17	SOMERSET
KT11	SURREY
MK13	MILTON_KEYNES
N2	GREATER_LONDON
WF9	WAKEFIELD
NR18	NORFOLK
M41	TRAFFORD
WR7	WORCESTERSHIRE
EN9	HERTFORDSHIRE|ESSEX|GREATER_LONDON
WS14	STAFFORDSHIRE
BD19	BRADFORD|CALDERDALE|KIRKLEES|LEEDS|WAKEFIELD
BS15	BRISTOL|BATH_AND_NORTH_EAST_SOMERSET|NORTH_SOMERSET|SOUTH_GLOUCESTERSHIRE
SA62	PEMBROKESHIRE
G2	GLASGOW
PO35	ISLE_OF_WIGHT
SK4	MANCHESTER|BOLTON|BURY|OLDHAM|ROCHDALE|STOCKPORT|TAMESIDE|TRAFFORD|WIGAN|SALFORD
ME12	KENT
DL5	DURHAM
LA19	CUMBRIA
EH23	MIDLOTHIAN
CT9	KENT
WV15	STAFFORDSHIRE|WORCESTERSHIRE|SHROPSHIRE
LS1	LEEDS
B40	SOLIHULL
KT20	SURREY
LL77	ANGLESEY
SA43	PEMBROKESHIRE|CEREDIGION
B19	BIRMINGHAM
B93	BIRMINGHAM|COVENTRY|WOLVERHAMPTON|DUDLEY|SANDWELL|SOLIHULL|WALSALL
SA64	PEMBROKESHIRE
WR14	WORCESTERSHIRE
WD23	HERTFORDSHIRE
LN7	LINCOLNSHIRE
RM11	GREATER_LONDON
ST55	STAFFORDSHIRE
CB5	CAMBRIDGESHIRE
BS25	SOMERSET
BD4	BRADFORD|CALDERDALE|KIRKLEES|LEEDS|WAKEFIELD
EC4P	GREATER_LONDON
LE4	LEICESTERSHIRE
BT41	ANTRIM_AND_NEWTOWNABBEY|MID_ULSTER|MID_AND_EAST_ANTRIM
PL14	CORNWALL
GU20	SURREY
G69	GLASGOW|EAST_DUNBARTONSHIRE|NORTH_LANARKSHIRE
TN28	KENT
AB56	ABERDEENSHIRE|MORAY
OX10	OXFORDSHIRE
PH5	PERTHSHIRE_AND_KINROSS
LA14	CUMBRIA
HP9	BUCKINGHAMSHIRE
FK11	CLACKMANNANSHIRE
CV1	COVENTRY
PH36	HIGHLAND
ST11	STAFFORDSHIRE
LS15	LEEDS
NR24	NORFOLK
EN5	HERTFORDSHIRE|GREATER_LONDON
HS8	EILEAN_SIAR
PE32	NORFOLK
B75	BIRMINGHAM|COVENTRY|WOLVERHAMPTON|DUDLEY|SANDWELL|SOLIHULL|WALSALL
ML8	SOUTH_LANARKSHIRE|NORTH_LANARKSHIRE
SG4	HERTFORDSHIRE
DN35	LINCOLNSHIRE
LL35	GWYNEDD
HA9	GREATER_LONDON
GU23	SURREY
NE66	NORTHUMBERLAND
BL8	LANCASHIRE|BOLTON|BURY|MANCHESTER|OLDHAM|ROCHDALE|SALFORD|STOCKPORT|TAMESIDE|TRAFFORD|WIGAN|BLACKBURN_WITH_DARWEN
KY15	FIFE
DT4	DORSET
SK14	MANCHESTER|BOLTON|BURY|OLDHAM|ROCHDALE|STOCKPORT|TAMESIDE|TRAFFORD|WIGAN|SALFORD
DE7	NOTTINGHAMSHIRE|DERBYSHIRE
S74	BARNSLEY|DONCASTER|ROTHERHAM|SHEFFIELD
G13	GLASGOW|WEST_DUNBARTONSHIRE
GU22	SURREY
CT6	KENT
BD3	BRADFORD|LEEDS
BS27	SOMERSET
CV21	WARWICKSHIRE
BD98	BRADFORD
DG2	DUMFRIES_AND_GALLOWAY
BN25	EAST_SUSSEX
PL20	DEVON|CORNWALL
BS6	BRISTOL
CW2	STAFFORDSHIRE|CHESHIRE_EAST
EC3N	GREATER_LONDON
L19	KNOWSLEY|SAINT_HELENS|SEFTON|WIRRAL
TQ11	DEVON
M38	SALFORD
W1A	GREATER_LONDON
EH5	EDINBURGH
RH13	WEST_SUSSEX
CV8	WARWICKSHIRE|COVENTRY|SOLIHULL
PL23	CORNWALL
M14	MANCHESTER
NE44	NORTHUMBERLAND
GL4	GLOUCESTERSHIRE
AB35	ABERDEENSHIRE
SA46	CEREDIGION
CH48	WIRRAL
DL98	DARLINGTON
L18	KNOWSLEY|SAINT_HELENS|SEFTON|WIRRAL
EH46	MIDLOTHIAN|SOUTH_LANARKSHIRE|SCOTTISH_BORDERS
W13	GREATER_LONDON
S25	ROTHERHAM
ML9	SOUTH_LANARKSHIRE|NORTH_LANARKSHIRE
PA71	ARGYLL_AND_BUTE
LE2	LEICESTERSHIRE
B72	BIRMINGHAM
BD24	NORTH_YORKSHIRE
BH20	DORSET
TS23	DURHAM
CH63	WIRRAL
FK5	STIRLING|FALKIRK
CV12	WARWICKSHIRE
WF12	BRADFORD|CALDERDALE|KIRKLEES|LEEDS|WAKEFIELD
EX39	DEVON
IV19	HIGHLAND
NE1	NEWCASTLE_UPON_TYNE
W1B	GREATER_LONDON
LL32	CONWY
RM14	GREATER_LONDON|ESSEX
DT10	SOMERSET
CM17	ESSEX
PA49	ARGYLL_AND_BUTE
TN20	EAST_SUSSEX
PH39	HIGHLAND
DD2	ANGUS|PERTHSHIRE_AND_KINROSS|DUNDEE
BS26	SOMERSET
TN31	KENT|EAST_SUSSEX
CM11	ESSEX
BB3	BLACKBURN_WITH_DARWEN|LANCASHIRE
TA14	SOMERSET
CM3	ESSEX
NE26	SOUTH_TYNESIDE|NORTH_TYNESIDE|NORTHUMBERLAND
CT2	KENT
EX32	DEVON
WS4	WALSALL
RG14	WEST_BERKSHIRE
HU6	EAST_RIDING_OF_YORKSHIRE
IG2	GREATER_LONDON
TW13	GREATER_LONDON
WA12	KNOWSLEY|SAINT_HELENS|SEFTON|WIRRAL
M44	SALFORD
YO16	EAST_RIDING_OF_YORKSHIRE
LL70	ANGLESEY
TS13	NORTH_YORKSHIRE
BS23	SOMERSET|BATH_AND_NORTH_EAST_SOMERSET|NORTH_SOMERSET|SOUTH_GLOUCESTERSHIRE
EX38	DEVON
G73	GLASGOW|SOUTH_LANARKSHIRE
CV5	BIRMINGHAM|COVENTRY|WOLVERHAMPTON|DUDLEY|SANDWELL|SOLIHULL|WALSALL
BN50	BRIGHTON_AND_HOVE
WC1X	GREATER_LONDON
CH29	WIRRAL
SL3	BUCKINGHAMSHIRE|BRACKNELL_FOREST|READING|SLOUGH|WEST_BERKSHIRE|WINDSOR_AND_MAIDENHEAD|WOKINGHAM|SURREY|GREATER_LONDON
N21	GREATER_LONDON
TA16	SOMERSET
TD6	SCOTTISH_BORDERS
NP10	NEWPORT|CAERPHILLY
SK16	TAMESIDE
NE42	SOUTH_TYNESIDE|NORTH_TYNESIDE|NORTHUMBERLAND
E11	GREATER_LONDON
NW2	GREATER_LONDON
S72	BARNSLEY|DONCASTER|ROTHERHAM|WAKEFIELD
B76	BIRMINGHAM|WARWICKSHIRE
DT6	DORSET
PH6	PERTHSHIRE_AND_KINROSS
S2	SHEFFIELD
LL60	ANGLESEY
LS22	LEEDS|NORTH_YORKSHIRE
AB36	ABERDEENSHIRE
NE11	GATESHEAD
CH5	FLINTSHIRE|CHESHIRE_WEST_AND_CHESTER
LL44	GWYNEDD
NE35	SOUTH_TYNESIDE
MK2	BUCKINGHAMSHIRE
G34	GLASGOW
CF64	VALE_OF_GLAMORGAN
PH1	PERTHSHIRE_AND_KINROSS
OX27	OXFORDSHIRE|BUCKINGHAMSHIRE|NORTHAMPTONSHIRE
BB1	LANCASHIRE|BLACKBURN_WITH_DARWEN
L13	KNOWSLEY|SAINT_HELENS|SEFTON|WIRRAL
FK3	FALKIRK
KA20	NORTH_AYRSHIRE
HA5	HERTFORDSHIRE|GREATER_LONDON
WV3	BIRMINGHAM|COVENTRY|WOLVERHAMPTON|DUDLEY|SANDWELL|SOLIHULL|WALSALL
HP1	HERTFORDSHIRE
SW14	GREATER_LONDON
BT22	NORTH_DOWN_AND_ARDS
BR7	GREATER_LONDON
HX5	CALDERDALE
BS4	BRISTOL
LS6	LEEDS
EH13	EDINBURGH
E10	GREATER_LONDON
DE13	STAFFORDSHIRE
TD14	SCOTTISH_BORDERS
IV5	HIGHLAND
EC2V	GREATER_LONDON
TW6	SURREY|GREATER_LONDON
WS9	STAFFORDSHIRE|WALSALL
CM7	ESSEX
FY1	BLACKPOOL
IV54	HIGHLAND
TS19	STOCKTON-ON-TEES|HARTLEPOOL
L8	KNOWSLEY|SAINT_HELENS|SEFTON|WIRRAL
CH64	CHESHIRE_WEST_AND_CHESTER|WIRRAL
KA23	NORTH_AYRSHIRE
G66	EAST_DUNBARTONSHIRE|NORTH_LANARKSHIRE|GLASGOW|PERTHSHIRE_AND_KINROSS|STIRLING
L74	KNOWSLEY|SAINT_HELENS|SEFTON|WIRRAL
CF83	CARDIFF|RHONDDA_CYNON_TAFF|CAERPHILLY
WV8	WOLVERHAMPTON|STAFFORDSHIRE|SHROPSHIRE
PR5	LANCASHIRE
EC1N	GREATER_LONDON
DA14	KENT|GREATER_LONDON
TA23	SOMERSET
PA1	RENFREWSHIRE
EH37	MIDLOTHIAN|EAST_LOTHIAN|SCOTTISH_BORDERS
CM24	ESSEX|HERTFORDSHIRE
NE83	GATESHEAD
TQ1	DEVON
NR5	NORFOLK
DE99	DERBY
M60	MANCHESTER|BOLTON|BURY|OLDHAM|ROCHDALE|STOCKPORT|TAMESIDE|TRAFFORD|WIGAN|SALFORD
YO23	NORTH_YORKSHIRE
BH21	BOURNEMOUTH|DORSET|HAMPSHIRE
UB3	GREATER_LONDON
SO51	WILTSHIRE|HAMPSHIRE
EH14	EDINBURGH
PO18	WEST_SUSSEX
EH3	EDINBURGH
NG34	LINCOLNSHIRE
WF16	KIRKLEES
DG1	DUMFRIES_AND_GALLOWAY|SOUTH_LANARKSHIRE
MK8	MILTON_KEYNES|BUCKINGHAMSHIRE
ST5	STAFFORDSHIRE
KY99	FIFE
TD8	SCOTTISH_BORDERS
WV12	BIRMINGHAM|COVENTRY|WOLVERHAMPTON|DUDLEY|SANDWELL|SOLIHULL|WALSALL
CW9	CHESHIRE_EAST|CHESHIRE_WEST_AND_CHESTER
SW20	GREATER_LONDON
PL3	DEVON
SR7	DURHAM|SUNDERLAND
G60	WEST_DUNBARTONSHIRE|EAST_DUNBARTONSHIRE|INVERCLYDE|EAST_RENFREWSHIRE|RENFREWSHIRE
SK6	MANCHESTER|BOLTON|BURY|OLDHAM|ROCHDALE|STOCKPORT|TAMESIDE|TRAFFORD|WIGAN|SALFORD
KA14	NORTH_AYRSHIRE|ARGYLL_AND_BUTE|EAST_AYRSHIRE
EH44	SCOTTISH_BORDERS
SA7	SWANSEA|NEATH_PORT_TALBOT
TN39	EAST_SUSSEX
LE5	LEICESTERSHIRE|LEICESTER|RUTLAND
LE65	LEICESTERSHIRE
CA28	CUMBRIA
DG8	DUMFRIES_AND_GALLOWAY|SOUTH_AYRSHIRE
S61	BARNSLEY|DONCASTER|ROTHERHAM|SHEFFIELD
HA6	HERTFORDSHIRE|GREATER_LONDON
PA63	ARGYLL_AND_BUTE
TA3	SOMERSET
W4	GREATER_LONDON
G46	GLASGOW|EAST_RENFREWSHIRE
LS10	LEEDS
SS6	ESSEX
CV10	WARWICKSHIRE
WF6	WAKEFIELD
EX34	DEVON
WD24	HERTFORDSHIRE
PE35	NORFOLK
SA69	PEMBROKESHIRE
WF3	BRADFORD|CALDERDALE|KIRKLEES|LEEDS|WAKEFIELD
B34	BIRMINGHAM
UB9	HERTFORDSHIRE|BUCKINGHAMSHIRE|GREATER_LONDON
YO8	NORTH_YORKSHIRE|EAST_RIDING_OF_YORKSHIRE
SG5	HERTFORDSHIRE|CENTRAL_BEDFORDSHIRE
B31	WORCESTERSHIRE|BIRMINGHAM
BD99	BRADFORD
IV42	HIGHLAND
PH49	HIGHLAND
PH20	HIGHLAND
OX16	OXFORDSHIRE
PL17	DEVON
SA32	CARMARTHENSHIRE
KT13	SURREY
EC3P	GREATER_LONDON
NG7	NOTTINGHAM|NOTTINGHAMSHIRE
HU3	EAST_RIDING_OF_YORKSHIRE
BA5	SOMERSET
NE68	NORTHUMBERLAND
TW20	SURREY
PL2	DEVON
EH51	FALKIRK
PA8	RENFREWSHIRE
NR15	NORFOLK
PA9	RENFREWSHIRE
LS13	LEEDS
CB4	CAMBRIDGESHIRE
WS12	STAFFORDSHIRE
L75	KNOWSLEY|SAINT_HELENS|SEFTON|WIRRAL
BS30	BATH_AND_NORTH_EAST_SOMERSET|SOUTH_GLOUCESTERSHIRE|NORTH_SOMERSET
L32	KNOWSLEY
KA27	NORTH_AYRSHIRE
TR12	CORNWALL
E8	GREATER_LONDON
GU14	SURREY|HAMPSHIRE
SY22	SHROPSHIRE|POWYS
L7	KNOWSLEY|SAINT_HELENS|SEFTON|WIRRAL
RM8	GREATER_LONDON
LL24	CONWY
PO4	PORTSMOUTH|HAMPSHIRE
NN9	NORTHAMPTONSHIRE
MK45	BEDFORDSHIRE|CENTRAL_BEDFORDSHIRE|HERTFORDSHIRE
HD2	BRADFORD|CALDERDALE|KIRKLEES|LEEDS|WAKEFIELD
AL1	HERTFORDSHIRE
IV9	HIGHLAND
S96	SHEFFIELD
PH11	ANGUS|PERTHSHIRE_AND_KINROSS
LA22	CUMBRIA
PH24	HIGHLAND
DA13	KENT
CF62	VALE_OF_GLAMORGAN
CR8	SURREY|GREATER_LONDON
CH27	WIRRAL
KT16	SURREY
SS4	ESSEX
EH18	MIDLOTHIAN|EDINBURGH
SR2	SUNDERLAND
SN12	WILTSHIRE
YO22	NORTH_YORKSHIRE
DN14	BARNSLEY|DONCASTER|ROTHERHAM|SHEFFIELD|NORTH_YORKSHIRE|EAST_RIDING_OF_YORKSHIRE|NORTH_LINCOLNSHIRE
NP26	NEWPORT|MONMOUTHSHIRE
DN39	LINCOLNSHIRE
EH95	EDINBURGH
SA15	CARMARTHENSHIRE
IG3	GREATER_LONDON
DN36	LINCOLNSHIRE
S44	DERBYSHIRE
B62	WORCESTERSHIRE|SANDWELL|DUDLEY|BIRMINGHAM
SA67	PEMBROKESHIRE|CARMARTHENSHIRE
SW11	GREATER_LONDON
E4	GREATER_LONDON|ESSEX
SA36	PEMBROKESHIRE
DL7	NORTH_YORKSHIRE
BR6	KENT|GREATER_LONDON
UB5	GREATER_LONDON
EH42	EAST_LOTHIAN
CF34	BRIDGEND
WA14	MANCHESTER|BOLTON|BURY|OLDHAM|ROCHDALE|STOCKPORT|TAMESIDE|TRAFFORD|WIGAN|SALFORD
CA23	CUMBRIA
DN19	NORTH_LINCOLNSHIRE
L72	SEFTON
EH21	MIDLOTHIAN|EAST_LOTHIAN|EDINBURGH
IG7	GREATER_LONDON|ESSEX
ME14	KENT
NG2	NOTTINGHAMSHIRE
EH45	SCOTTISH_BORDERS
PE20	LINCOLNSHIRE
BT15	BELFAST
PO19	WEST_SUSSEX
PA23	ARGYLL_AND_BUTE|EAST_DUNBARTONSHIRE|WEST_DUNBARTONSHIRE
NE17	SOUTH_TYNESIDE|NORTH_TYNESIDE|DURHAM|NORTHUMBERLAND
EH8	EDINBURGH
IP8	SUFFOLK
EC2Y	GREATER_LONDON
B35	BIRMINGHAM
NE67	NORTHUMBERLAND
G3	GLASGOW
NG16	NOTTINGHAMSHIRE|DERBYSHIRE
AB43	ABERDEENSHIRE
KY12	FIFE
G64	GLASGOW|EAST_DUNBARTONSHIRE|NORTH_LANARKSHIRE
SY18	POWYS
LL65	ANGLESEY
CV47	WARWICKSHIRE
HA3	GREATER_LONDON
TA19	SOMERSET
PH3	PERTHSHIRE_AND_KINROSS
BS2	BRISTOL
EX8	DEVON
SL6	BUCKINGHAMSHIRE|BRACKNELL_FOREST|READING|SLOUGH|WEST_BERKSHIRE|WINDSOR_AND_MAIDENHEAD|WOKINGHAM
CF32	VALE_OF_GLAMORGAN|BRIDGEND
TS21	DURHAM
KY6	PERTHSHIRE_AND_KINROSS|FIFE
BB94	LANCASHIRE
HU18	EAST_RIDING_OF_YORKSHIRE
PO21	WEST_SUSSEX
NE19	NORTHUMBERLAND
DL1	DURHAM
SO52	HAMPSHIRE
AB15	ABERDEENSHIRE|ABERDEEN
NG1	NOTTINGHAM
TQ9	DEVON
SL2	BUCKINGHAMSHIRE|BRACKNELL_FOREST|READING|SLOUGH|WEST_BERKSHIRE|WINDSOR_AND_MAIDENHEAD|WOKINGHAM
SE14	GREATER_LONDON
PH19	HIGHLAND
RH3	SURREY
WA13	MANCHESTER|BOLTON|BURY|OLDHAM|ROCHDALE|STOCKPORT|TAMESIDE|TRAFFORD|WIGAN|SALFORD|CHESHIRE_EAST|WARRINGTON
CM19	HERTFORDSHIRE|ESSEX
NG32	LINCOLNSHIRE|LEICESTERSHIRE
HP8	HERTFORDSHIRE|BUCKINGHAMSHIRE
EH55	WEST_LOTHIAN|SOUTH_LANARKSHIRE
TN8	SURREY|EAST_SUSSEX|KENT
LU3	BEDFORDSHIRE
ST12	STAFFORDSHIRE
PL31	CORNWALL
NG22	NOTTINGHAMSHIRE
M22	MANCHESTER|BOLTON|BURY|OLDHAM|ROCHDALE|STOCKPORT|TAMESIDE|TRAFFORD|WIGAN|SALFORD
NG15	NOTTINGHAMSHIRE
NW6	GREATER_LONDON
ST3	STAFFORDSHIRE
NW10	GREATER_LONDON
SL1	BUCKINGHAMSHIRE|BRACKNELL_FOREST|READING|SLOUGH|WEST_BERKSHIRE|WINDSOR_AND_MAIDENHEAD|WOKINGHAM
SO16	HAMPSHIRE
W8	GREATER_LONDON
SG3	HERTFORDSHIRE
SW7	GREATER_LONDON
B38	WORCESTERSHIRE|BIRMINGHAM
CW98	CHESHIRE_EAST
LN5	LINCOLNSHIRE
NR27	NORFOLK
CF33	NEATH_PORT_TALBOT|BRIDGEND
M28	MANCHESTER|BOLTON|BURY|OLDHAM|ROCHDALE|STOCKPORT|TAMESIDE|TRAFFORD|WIGAN|SALFORD
MK1	MILTON_KEYNES
DT2	DORSET
WR1	WORCESTERSHIRE
WR3	WORCESTERSHIRE
KT23	SURREY
G42	GLASGOW
CT1	KENT
SN38	SWINDON
TR6	CORNWALL
LE16	RUTLAND|NORTHAMPTONSHIRE|LEICESTERSHIRE
SP8	DORSET
SO15	SOUTHAMPTON|HAMPSHIRE
CV23	WARWICKSHIRE|LEICESTERSHIRE|NORTHAMPTONSHIRE
PA3	RENFREWSHIRE
DT8	SOMERSET
WA88	HALTON
SL60	WINDSOR_AND_MAIDENHEAD
SG12	HERTFORDSHIRE
PE4	PETERBOROUGH
CH65	CHESHIRE_WEST_AND_CHESTER|WIRRAL
NE18	NORTHUMBERLAND
LE12	NOTTINGHAMSHIRE|LEICESTERSHIRE
SE16	GREATER_LONDON
WR13	WORCESTERSHIRE|GLOUCESTERSHIRE|HEREFORDSHIRE
KA4	EAST_AYRSHIRE
NR13	NORFOLK
SG9	HERTFORDSHIRE
EN10	HERTFORDSHIRE|ESSEX
SS22	SOUTHEND-ON-SEA
CB22	CAMBRIDGESHIRE
LL62	ANGLESEY
NG3	NOTTINGHAMSHIRE
WD6	HERTFORDSHIRE
YO30	NORTH_YORKSHIRE
CR5	SURREY|GREATER_LONDON
DA12	KENT|THURROCK|MEDWAY
SN14	WILTSHIRE
NE39	SOUTH_TYNESIDE|NORTH_TYNESIDE|DURHAM
LL41	GWYNEDD
RG7	HAMPSHIRE|BRACKNELL_FOREST|READING|SLOUGH|WEST_BERKSHIRE|WINDSOR_AND_MAIDENHEAD|WOKINGHAM
DL3	DARLINGTON|DURHAM|NORTH_YORKSHIRE
GU27	WEST_SUSSEX|SURREY|HAMPSHIRE
S7	SHEFFIELD
TQ8	DEVON
DE3	DERBYSHIRE
CH3	CHESHIRE_EAST|CHESHIRE_WEST_AND_CHESTER
PA19	INVERCLYDE|RENFREWSHIRE|EAST_RENFREWSHIRE
FY6	LANCASHIRE
PO34	ISLE_OF_WIGHT
YO13	NORTH_YORKSHIRE
SE1P	GREATER_LONDON
TN5	KENT|EAST_SUSSEX
AL4	HERTFORDSHIRE
B95	WARWICKSHIRE
BT13	BELFAST
W10	GREATER_LONDON
CA25	CUMBRIA
NR8	NORFOLK
EX6	DEVON
TA24	SOMERSET
SK9	CHESHIRE_EAST
BA14	WILTSHIRE
PA72	ARGYLL_AND_BUTE
HS5	EILEAN_SIAR
W6	GREATER_LONDON
BS98	BRISTOL
G71	GLASGOW|SOUTH_LANARKSHIRE|NORTH_LANARKSHIRE
NP20	NEWPORT
SW13	GREATER_LONDON
GU4	SURREY
SW10	GREATER_LONDON
LL40	GWYNEDD
MK7	MILTON_KEYNES
AB52	ABERDEENSHIRE
BA20	SOMERSET
CM9	ESSEX
DN40	LINCOLNSHIRE
LN12	LINCOLNSHIRE
SS5	ESSEX
WS11	STAFFORDSHIRE
EH38	SCOTTISH_BORDERS
LL69	ANGLESEY
M12	MANCHESTER
NG18	NOTTINGHAMSHIRE
BS8	BRISTOL|SOUTH_GLOUCESTERSHIRE|NORTH_SOMERSET|BATH_AND_NORTH_EAST_SOMERSET
IP22	SUFFOLK|NORFOLK
KA2	NORTH_AYRSHIRE|EAST_AYRSHIRE|SOUTH_AYRSHIRE
MK43	BUCKINGHAMSHIRE|BEDFORDSHIRE|MILTON_KEYNES|NORTHAMPTONSHIRE|CENTRAL_BEDFORDSHIRE
TA10	SOMERSET
BD16	BRADFORD
NP4	TORFAEN|MONMOUTHSHIRE
RG31	BRACKNELL_FOREST|READING|SLOUGH|WEST_BERKSHIRE|WINDSOR_AND_MAIDENHEAD|WOKINGHAM
WA1	WARRINGTON
CF10	CARDIFF
SY10	SHROPSHIRE|POWYS
B17	BIRMINGHAM|SANDWELL
S60	BARNSLEY|DONCASTER|ROTHERHAM|SHEFFIELD
SE12	GREATER_LONDON
IV48	HIGHLAND
KY13	PERTHSHIRE_AND_KINROSS|FIFE|CLACKMANNANSHIRE
HP16	BUCKINGHAMSHIRE
HA4	GREATER_LONDON
SM3	SURREY|GREATER_LONDON
L15	KNOWSLEY|SAINT_HELENS|SEFTON|WIRRAL
S43	DERBYSHIRE
GL52	GLOUCESTERSHIRE
SA19	CARMARTHENSHIRE
ML6	NORTH_LANARKSHIRE
BT3	BELFAST
OX33	OXFORDSHIRE
SS99	SOUTHEND-ON-SEA
RG45	BRACKNELL_FOREST|READING|SLOUGH|WEST_BERKSHIRE|WINDSOR_AND_MAIDENHEAD|WOKINGHAM
RM3	GREATER_LONDON
LE6	LEICESTERSHIRE
G4	GLASGOW
WV7	SHROPSHIRE|STAFFORDSHIRE
CO15	ESSEX
NW4	GREATER_LONDON
RG19	HAMPSHIRE|BRACKNELL_FOREST|READING|SLOUGH|WEST_BERKSHIRE|WINDSOR_AND_MAIDENHEAD|WOKINGHAM
TS3	MIDDLESBROUGH|HARTLEPOOL|STOCKTON-ON-TEES
NR9	NORFOLK
IV10	HIGHLAND
TA5	SOMERSET
KW10	HIGHLAND
CF95	CARDIFF
SW18	GREATER_LONDON
EC4Y	GREATER_LONDON
IP17	SUFFOLK
WR2	WORCESTERSHIRE
CV13	WARWICKSHIRE|LEICESTERSHIRE
B29	BIRMINGHAM
L40	LANCASHIRE
DE15	STAFFORDSHIRE|DERBYSHIRE
SA3	SWANSEA
GL7	WILTSHIRE|OXFORDSHIRE|GLOUCESTERSHIRE|SWINDON
NN8	NORTHAMPTONSHIRE
PO41	ISLE_OF_WIGHT
M61	MANCHESTER
PA12	RENFREWSHIRE
SY15	SHROPSHIRE|POWYS
LL53	GWYNEDD
CT11	KENT
B12	BIRMINGHAM
PA70	ARGYLL_AND_BUTE
KA25	NORTH_AYRSHIRE
L35	KNOWSLEY|SAINT_HELENS|SEFTON|WIRRAL
HR1	HEREFORDSHIRE
BT69	MID_ULSTER
LL20	DENBIGHSHIRE|WREXHAM
SN15	WILTSHIRE
YO18	NORTH_YORKSHIRE
S97	BARNSLEY|DONCASTER|ROTHERHAM|SHEFFIELD
CM2	ESSEX
CA9	NORTHUMBERLAND|CUMBRIA|DURHAM
PE27	CAMBRIDGESHIRE
PL33	CORNWALL
CF3	NEWPORT|CARDIFF|CAERPHILLY
HS2	EILEAN_SIAR
WD18	HERTFORDSHIRE
FK21	STIRLING|PERTHSHIRE_AND_KINROSS
NW5	GREATER_LONDON
TR23	ISLES_OF_SCILLY
B78	WARWICKSHIRE|BIRMINGHAM|STAFFORDSHIRE
MK5	MILTON_KEYNES|BUCKINGHAMSHIRE
CW5	CHESHIRE_EAST
PA20	ARGYLL_AND_BUTE|EAST_DUNBARTONSHIRE|WEST_DUNBARTONSHIRE
M19	MANCHESTER|BOLTON|BURY|OLDHAM|ROCHDALE|STOCKPORT|TAMESIDE|TRAFFORD|WIGAN|SALFORD
BH16	DORSET
PO10	WEST_SUSSEX|HAMPSHIRE
S33	DERBYSHIRE
TN36	EAST_SUSSEX
DL15	DURHAM
AB45	ABERDEENSHIRE|MORAY
WC1B	GREATER_LONDON
TN29	KENT
EH43	SCOTTISH_BORDERS
FK19	STIRLING
MK46	MILTON_KEYNES|BEDFORDSHIRE|NORTHAMPTONSHIRE
W1F	GREATER_LONDON
LN10	LINCOLNSHIRE
SN99	SWINDON
NP15	MONMOUTHSHIRE
BL2	MANCHESTER|BOLTON|BURY|OLDHAM|ROCHDALE|STOCKPORT|TAMESIDE|TRAFFORD|WIGAN|SALFORD
L68	SEFTON
FY5	LANCASHIRE
TS11	NORTH_YORKSHIRE
LL15	DENBIGHSHIRE
TN26	KENT
S1	SHEFFIELD
BN21	EAST_SUSSEX
OL4	OLDHAM
BN51	BRIGHTON_AND_HOVE
HD3	BRADFORD|CALDERDALE|KIRKLEES|LEEDS|WAKEFIELD
EC3R	GREATER_LONDON
DN37	LINCOLNSHIRE
GU19	SURREY
TS16	STOCKTON-ON-TEES|HARTLEPOOL|NORTH_YORKSHIRE|DARLINGTON
LE1	LEICESTERSHIRE
IV28	HIGHLAND
NG33	LINCOLNSHIRE
WA55	WARRINGTON
TW5	GREATER_LONDON
DN34	LINCOLNSHIRE
SY13	SHROPSHIRE|CHESHIRE_EAST|CHESHIRE_WEST_AND_CHESTER|FLINTSHIRE|WREXHAM
CF31	BRIDGEND
NR34	SUFFOLK|NORFOLK
NN2	NORTHAMPTONSHIRE
NE47	NORTHUMBERLAND
GU5	SURREY
M34	TAMESIDE
IP28	SUFFOLK
DN32	LINCOLNSHIRE
TA4	SOMERSET
BS10	BRISTOL|BATH_AND_NORTH_EAST_SOMERSET|NORTH_SOMERSET|SOUTH_GLOUCESTERSHIRE
KW15	ORKNEY_ISLANDS
KA12	NORTH_AYRSHIRE|EAST_AYRSHIRE|ARGYLL_AND_BUTE
AL8	HERTFORDSHIRE
CH31	WIRRAL
LA9	CUMBRIA
SO23	HAMPSHIRE
IG1	GREATER_LONDON
TR13	CORNWALL
WF90	WAKEFIELD
SA5	SWANSEA
W14	GREATER_LONDON
SG6	HERTFORDSHIRE
WA3	KNOWSLEY|SAINT_HELENS|SEFTON|WIRRAL|BOLTON|BURY|MANCHESTER|OLDHAM|ROCHDALE|SALFORD|STOCKPORT|TAMESIDE|TRAFFORD|WIGAN|WARRINGTON
HP19	BUCKINGHAMSHIRE
YO10	YORK
TR7	CORNWALL
SW2	GREATER_LONDON
BT39	ANTRIM_AND_NEWTOWNABBEY|MID_AND_EAST_ANTRIM
TN35	EAST_SUSSEX
DD7	ANGUS
NE34	SOUTH_TYNESIDE
EN1	GREATER_LONDON
DE23	DERBYSHIRE
EH31	EAST_LOTHIAN
EX23	DEVON|CORNWALL
BT54	CAUSEWAY_COAST_AND_GLENS
PO40	ISLE_OF_WIGHT
WA16	CHESHIRE_EAST|CHESHIRE_WEST_AND_CHESTER
TQ4	TORBAY|DEVON
SW8	GREATER_LONDON
LL78	ANGLESEY
ML1	NORTH_LANARKSHIRE
SW1H	GREATER_LONDON
PH37	HIGHLAND
WV14	BIRMINGHAM|COVENTRY|WOLVERHAMPTON|DUDLEY|SANDWELL|SOLIHULL|WALSALL
SK10	CHESHIRE_EAST|BOLTON|BURY|MANCHESTER|OLDHAM|ROCHDALE|SALFORD|STOCKPORT|TAMESIDE|TRAFFORD|WIGAN
PH38	HIGHLAND
BN6	WEST_SUSSEX|EAST_SUSSEX|BRIGHTON_AND_HOVE
SA16	CARMARTHENSHIRE
L26	KNOWSLEY|SAINT_HELENS|SEFTON|WIRRAL
DN9	BARNSLEY|DONCASTER|ROTHERHAM|SHEFFIELD|NOTTINGHAMSHIRE|NORTH_LINCOLNSHIRE|LINCOLNSHIRE
OX11	OXFORDSHIRE
YO51	NORTH_YORKSHIRE
IV46	HIGHLAND
BR4	GREATER_LONDON
BH23	HAMPSHIRE|BOURNEMOUTH|POOLE|DORSET
CO9	SUFFOLK|ESSEX
DA8	GREATER_LONDON
SA40	CEREDIGION|CARMARTHENSHIRE
PA7	RENFREWSHIRE
BD7	BRADFORD
SA63	PEMBROKESHIRE
KA15	NORTH_AYRSHIRE
CB21	ESSEX|CAMBRIDGESHIRE|SUFFOLK
TR26	CORNWALL
IG10	ESSEX|GREATER_LONDON
G14	GLASGOW|WEST_DUNBARTONSHIRE
DH2	SOUTH_TYNESIDE|NORTH_TYNESIDE|DURHAM
M90	MANCHESTER
CA12	CUMBRIA
DE45	DERBYSHIRE
RG25	HAMPSHIRE
ML5	NORTH_LANARKSHIRE
NN17	NORTHAMPTONSHIRE
LA21	CUMBRIA
SY12	SHROPSHIRE
TN2	KENT
NE13	SOUTH_TYNESIDE|NORTH_TYNESIDE|NEWCASTLE_UPON_TYNE|SUNDERLAND|GATESHEAD
YO43	EAST_RIDING_OF_YORKSHIRE
PA27	ARGYLL_AND_BUTE
SY2	SHROPSHIRE
SG14	HERTFORDSHIRE
TA1	SOMERSET
PO38	ISLE_OF_WIGHT
L17	KNOWSLEY|SAINT_HELENS|SEFTON|WIRRAL
SK12	MANCHESTER|BOLTON|BURY|OLDHAM|ROCHDALE|STOCKPORT|TAMESIDE|TRAFFORD|WIGAN|SALFORD|CHESHIRE_EAST|DERBYSHIRE
B13	BIRMINGHAM
MK3	BUCKINGHAMSHIRE
CO6	SUFFOLK|ESSEX
IV4	HIGHLAND
DA18	GREATER_LONDON
G72	GLASGOW|SOUTH_LANARKSHIRE
NN12	NORTHAMPTONSHIRE
TS22	DURHAM
DD1	DUNDEE
NE29	NORTH_TYNESIDE
PA78	ARGYLL_AND_BUTE
M40	MANCHESTER|BOLTON|BURY|OLDHAM|ROCHDALE|STOCKPORT|TAMESIDE|TRAFFORD|WIGAN|SALFORD
CO16	ESSEX
CV2	BIRMINGHAM|COVENTRY|WOLVERHAMPTON|DUDLEY|SANDWELL|SOLIHULL|WALSALL
LL52	GWYNEDD
B15	BIRMINGHAM
OL15	CALDERDALE|KIRKLEES|BOLTON|BURY|MANCHESTER|OLDHAM|ROCHDALE|SALFORD|STOCKPORT|TAMESIDE|TRAFFORD|WIGAN
PA30	ARGYLL_AND_BUTE
M13	MANCHESTER
WR8	WORCESTERSHIRE
BN88	BRIGHTON_AND_HOVE
NN18	NORTHAMPTONSHIRE
SA70	PEMBROKESHIRE
LU7	BUCKINGHAMSHIRE|HERTFORDSHIRE|CENTRAL_BEDFORDSHIRE
IV63	HIGHLAND
SW3	GREATER_LONDON
EC4V	GREATER_LONDON
MK19	NORTHAMPTONSHIRE|MILTON_KEYNES|BUCKINGHAMSHIRE
KW9	HIGHLAND
RM2	GREATER_LONDON
SE9	GREATER_LONDON
SA35	PEMBROKESHIRE|CEREDIGION|CARMARTHENSHIRE
PO22	WEST_SUSSEX
GL10	GLOUCESTERSHIRE
CT18	KENT
LS27	LEEDS
CB24	CAMBRIDGESHIRE
TA20	SOMERSET
TF3	TELFORD_AND_WREKIN|SHROPSHIRE
TR21	CORNWALL
S5	SHEFFIELD
MK44	CAMBRIDGESHIRE|CENTRAL_BEDFORDSHIRE|NORTHAMPTONSHIRE|BEDFORDSHIRE
CF82	CAERPHILLY
SS14	ESSEX
DY9	WORCESTERSHIRE|DUDLEY
RH19	WEST_SUSSEX
SA42	PEMBROKESHIRE
NE46	NORTHUMBERLAND
CA24	CUMBRIA
SO45	HAMPSHIRE
PA10	RENFREWSHIRE
DN15	NORTH_LINCOLNSHIRE|EAST_RIDING_OF_YORKSHIRE
CA19	CUMBRIA
DE24	DERBYSHIRE
SK17	STAFFORDSHIRE|DERBYSHIRE|CHESHIRE_EAST
KY8	FIFE
BS35	SOUTH_GLOUCESTERSHIRE|GLOUCESTERSHIRE|NORTH_SOMERSET|BATH_AND_NORTH_EAST_SOMERSET|MONMOUTHSHIRE|NEWPORT
KW12	HIGHLAND
LS12	LEEDS|BRADFORD
LL57	GWYNEDD
NW11	GREATER_LONDON
B80	WORCESTERSHIRE|WARWICKSHIRE
NR12	NORFOLK
M7	MANCHESTER|BOLTON|BURY|OLDHAM|ROCHDALE|STOCKPORT|TAMESIDE|TRAFFORD|WIGAN|SALFORD
PH18	PERTHSHIRE_AND_KINROSS
SN16	WILTSHIRE
BS24	SOMERSET
S17	DERBYSHIRE|SHEFFIELD
DY6	BIRMINGHAM|COVENTRY|WOLVERHAMPTON|DUDLEY|SANDWELL|SOLIHULL|WALSALL
BL5	BOLTON
PE30	NORFOLK
HU13	EAST_RIDING_OF_YORKSHIRE
LN11	LINCOLNSHIRE
SO43	HAMPSHIRE
HU14	EAST_RIDING_OF_YORKSHIRE
YO11	NORTH_YORKSHIRE
BN14	WEST_SUSSEX
ST2	STAFFORDSHIRE|STOKE-ON-TRENT
DT5	DORSET
CM22	HERTFORDSHIRE|ESSEX
BT46	MID_ULSTER|CAUSEWAY_COAST_AND_GLENS
LL26	CONWY
SS2	ESSEX|SOUTHEND-ON-SEA
B47	WORCESTERSHIRE|BIRMINGHAM|SOLIHULL|WARWICKSHIRE
HP11	BUCKINGHAMSHIRE
YO90	YORK
PA67	ARGYLL_AND_BUTE
NR30	NORFOLK
EX36	DEVON
WA7	CHESHIRE_EAST|CHESHIRE_WEST_AND_CHESTER|WARRINGTON|KNOWSLEY|SAINT_HELENS|SEFTON|WIRRAL
WV4	BIRMINGHAM|COVENTRY|WOLVERHAMPTON|DUDLEY|SANDWELL|SOLIHULL|WALSALL
HD5	BRADFORD|CALDERDALE|KIRKLEES|LEEDS|WAKEFIELD
TQ5	DEVON
CO4	ESSEX|SUFFOLK
BH15	DORSET
CM6	ESSEX
EX2	DEVON
E2	GREATER_LONDON
KT8	SURREY|GREATER_LONDON
CM14	GREATER_LONDON|ESSEX
KW14	HIGHLAND
TR4	CORNWALL
BS40	SOMERSET
EC2M	GREATER_LONDON
NG11	NOTTINGHAMSHIRE
GL3	GLOUCESTERSHIRE
HP18	OXFORDSHIRE|BUCKINGHAMSHIRE
SN25	WILTSHIRE
TS2	HARTLEPOOL|STOCKTON-ON-TEES|MIDDLESBROUGH
CA21	CUMBRIA
TR18	CORNWALL
LA11	CUMBRIA
IG8	GREATER_LONDON
PL30	CORNWALL
NE6	NEWCASTLE_UPON_TYNE
EX37	DEVON
S49	DERBYSHIRE
EX10	DEVON
BN5	WEST_SUSSEX
KA5	EAST_AYRSHIRE|SOUTH_AYRSHIRE
WC2E	GREATER_LONDON
WD19	HERTFORDSHIRE
WS8	BIRMINGHAM|COVENTRY|WOLVERHAMPTON|DUDLEY|SANDWELL|SOLIHULL|WALSALL
DN18	NORTH_LINCOLNSHIRE|EAST_RIDING_OF_YORKSHIRE
EX33	DEVON
DE65	DERBYSHIRE
LA4	LANCASHIRE
GL2	GLOUCESTERSHIRE
BT45	MID_ULSTER
BS21	BRISTOL|BATH_AND_NORTH_EAST_SOMERSET|NORTH_SOMERSET|SOUTH_GLOUCESTERSHIRE
EH20	MIDLOTHIAN
SL5	SURREY|BRACKNELL_FOREST|READING|SLOUGH|WEST_BERKSHIRE|WINDSOR_AND_MAIDENHEAD|WOKINGHAM
PO8	HAMPSHIRE
RG4	OXFORDSHIRE|BRACKNELL_FOREST|READING|SLOUGH|WEST_BERKSHIRE|WINDSOR_AND_MAIDENHEAD|WOKINGHAM
KW11	HIGHLAND
HP15	BUCKINGHAMSHIRE
BT77	MID_ULSTER
CH1	CHESHIRE_EAST|CHESHIRE_WEST_AND_CHESTER
NR7	NORFOLK
EX20	DEVON
EH26	MIDLOTHIAN|SCOTTISH_BORDERS
SE22	GREATER_LONDON
GL5	GLOUCESTERSHIRE
EH34	EAST_LOTHIAN
EX12	DEVON
PA14	RENFREWSHIRE|INVERCLYDE
NW8	GREATER_LONDON
PE34	NORFOLK
PO14	HAMPSHIRE
SA1	SWANSEA|NEATH_PORT_TALBOT
AB30	ANGUS|ABERDEENSHIRE
DL14	DURHAM
SG10	HERTFORDSHIRE
BH12	DORSET
LU2	HERTFORDSHIRE|LUTON|CENTRAL_BEDFORDSHIRE
S3	SHEFFIELD
PE25	LINCOLNSHIRE
BD1	BRADFORD
RH15	WEST_SUSSEX|EAST_SUSSEX
G40	GLASGOW
LL55	GWYNEDD
EH24	MIDLOTHIAN
HP21	BUCKINGHAMSHIRE
YO61	NORTH_YORKSHIRE
LL12	WREXHAM|FLINTSHIRE
SO18	HAMPSHIRE
NW7	GREATER_LONDON
NE8	GATESHEAD
BL6	LANCASHIRE|BOLTON|BURY|MANCHESTER|OLDHAM|ROCHDALE|SALFORD|STOCKPORT|TAMESIDE|TRAFFORD|WIGAN
SO32	HAMPSHIRE
S11	BARNSLEY|DONCASTER|ROTHERHAM|SHEFFIELD
DH97	DURHAM
SA38	CEREDIGION|CARMARTHENSHIRE
OX3	OXFORDSHIRE
DE14	STAFFORDSHIRE
LS29	BRADFORD|LEEDS|NORTH_YORKSHIRE
TS26	HARTLEPOOL|STOCKTON-ON-TEES
SW1P	GREATER_LONDON
KA28	NORTH_AYRSHIRE
DE6	STAFFORDSHIRE|DERBYSHIRE|DERBY
EH25	MIDLOTHIAN
SE24	GREATER_LONDON
SG8	HERTFORDSHIRE|CAMBRIDGESHIRE|ESSEX|CENTRAL_BEDFORDSHIRE
PL8	DEVON
EX5	DEVON
NE64	NORTHUMBERLAND
W1T	GREATER_LONDON
G45	GLASGOW
HR5	HEREFORDSHIRE
IP24	SUFFOLK|NORFOLK
KA16	EAST_AYRSHIRE
WA15	MANCHESTER|BOLTON|BURY|OLDHAM|ROCHDALE|STOCKPORT|TAMESIDE|TRAFFORD|WIGAN|SALFORD
BT57	CAUSEWAY_COAST_AND_GLENS
B97	WORCESTERSHIRE
PR7	LANCASHIRE|BOLTON|BURY|MANCHESTER|OLDHAM|ROCHDALE|SALFORD|STOCKPORT|TAMESIDE|TRAFFORD|WIGAN
G74	SOUTH_LANARKSHIRE|INVERCLYDE|EAST_RENFREWSHIRE|RENFREWSHIRE
OX15	WARWICKSHIRE|OXFORDSHIRE|NORTHAMPTONSHIRE
PA28	ARGYLL_AND_BUTE|EAST_DUNBARTONSHIRE|WEST_DUNBARTONSHIRE
CM12	ESSEX
PH16	PERTHSHIRE_AND_KINROSS
CV31	WARWICKSHIRE
GU32	HAMPSHIRE
DN22	NOTTINGHAMSHIRE
G33	GLASGOW|EAST_DUNBARTONSHIRE|NORTH_LANARKSHIRE
ML4	NORTH_LANARKSHIRE
NE4	NEWCASTLE_UPON_TYNE
BT33	NEWRY_MOURNE_AND_DOWN
IV11	HIGHLAND
BN11	WEST_SUSSEX
RG30	BRACKNELL_FOREST|READING|SLOUGH|WEST_BERKSHIRE|WINDSOR_AND_MAIDENHEAD|WOKINGHAM
DE75	DERBYSHIRE
HG3	NORTH_YORKSHIRE
IV53	HIGHLAND
LD8	HEREFORDSHIRE|POWYS
N1C	GREATER_LONDON
HR7	WORCESTERSHIRE
NE85	SOUTH_TYNESIDE|NORTH_TYNESIDE|NEWCASTLE_UPON_TYNE|SUNDERLAND|GATESHEAD
HU16	EAST_RIDING_OF_YORKSHIRE
CF15	CARDIFF|RHONDDA_CYNON_TAFF|CAERPHILLY
OL95	OLDHAM
CF30	CARDIFF
PA17	INVERCLYDE|RENFREWSHIRE|EAST_RENFREWSHIRE|ARGYLL_AND_BUTE|EAST_AYRSHIRE|NORTH_AYRSHIRE
EH32	EAST_LOTHIAN
BH24	HAMPSHIRE|DORSET
NE31	SOUTH_TYNESIDE
WF4	BRADFORD|CALDERDALE|KIRKLEES|LEEDS|WAKEFIELD
IP9	SUFFOLK
M18	MANCHESTER|BOLTON|BURY|OLDHAM|ROCHDALE|SALFORD|STOCKPORT|TAMESIDE|TRAFFORD|WIGAN
DT11	DORSET
PL10	CORNWALL
LA20	CUMBRIA
FK20	STIRLING|ARGYLL_AND_BUTE
B43	BIRMINGHAM|COVENTRY|WOLVERHAMPTON|DUDLEY|SANDWELL|SOLIHULL|WALSALL
NR22	NORFOLK
BS49	NORTH_SOMERSET|BATH_AND_NORTH_EAST_SOMERSET|SOUTH_GLOUCESTERSHIRE
S18	DERBYSHIRE
WC1R	GREATER_LONDON
GU15	SURREY|BRACKNELL_FOREST|READING|SLOUGH|WEST_BERKSHIRE|WINDSOR_AND_MAIDENHEAD|WOKINGHAM|HAMPSHIRE
SE13	GREATER_LONDON
B16	BIRMINGHAM|COVENTRY|WOLVERHAMPTON|DUDLEY|SANDWELL|SOLIHULL|WALSALL
NE15	SOUTH_TYNESIDE|NORTH_TYNESIDE|NORTHUMBERLAND
CO11	SUFFOLK|ESSEX
CF91	CARDIFF
HU2	EAST_RIDING_OF_YORKSHIRE
KA21	NORTH_AYRSHIRE|ARGYLL_AND_BUTE|EAST_AYRSHIRE
TN17	KENT
KA7	SOUTH_AYRSHIRE
DN31	LINCOLNSHIRE
SA71	PEMBROKESHIRE
NR3	NORFOLK
PH26	HIGHLAND
KT3	GREATER_LONDON
NG80	NOTTINGHAMSHIRE
CM98	ESSEX
BT20	NORTH_DOWN_AND_ARDS
CH2	CHESHIRE_WEST_AND_CHESTER
BN44	WEST_SUSSEX
LS14	LEEDS
DN11	BARNSLEY|DONCASTER|ROTHERHAM|NOTTINGHAMSHIRE
SY6	SHROPSHIRE
LL11	DENBIGHSHIRE|WREXHAM|FLINTSHIRE
HA0	GREATER_LONDON
CF23	CARDIFF
WV2	WOLVERHAMPTON
DH9	SOUTH_TYNESIDE|NORTH_TYNESIDE|DURHAM
IV49	HIGHLAND
CO8	SUFFOLK
PE12	LINCOLNSHIRE|PETERBOROUGH|CAMBRIDGESHIRE|NORFOLK
TR10	CORNWALL
NN13	OXFORDSHIRE|BUCKINGHAMSHIRE|NORTHAMPTONSHIRE
E15	GREATER_LONDON
GL14	GLOUCESTERSHIRE
LS28	LEEDS
PE11	LINCOLNSHIRE
NR14	NORFOLK
TR17	CORNWALL
PR26	LANCASHIRE
DY11	WORCESTERSHIRE
FY3	LANCASHIRE|BLACKPOOL
IP32	SUFFOLK
SY5	SHROPSHIRE
RH9	SURREY
NW1W	GREATER_LONDON
WS2	WALSALL
GU16	SURREY
LS24	LEEDS|YORK|NORTH_YORKSHIRE
WS15	STAFFORDSHIRE
N20	GREATER_LONDON
E18	GREATER_LONDON
OL8	OLDHAM
TN25	KENT
L24	KNOWSLEY|SAINT_HELENS|SEFTON|WIRRAL|CHESHIRE_WEST_AND_CHESTER
LE21	LEICESTERSHIRE
TS18	STOCKTON-ON-TEES|DURHAM|HARTLEPOOL
SA37	PEMBROKESHIRE|CARMARTHENSHIRE
W1D	GREATER_LONDON
EC4M	GREATER_LONDON
LN1	NOTTINGHAMSHIRE|LINCOLNSHIRE
LL66	ANGLESEY
PR11	LANCASHIRE
UB4	GREATER_LONDON
KW8	HIGHLAND
BN43	WEST_SUSSEX
IV24	HIGHLAND
YO19	NORTH_YORKSHIRE
CR6	SURREY
NE10	SOUTH_TYNESIDE|NORTH_TYNESIDE|NEWCASTLE_UPON_TYNE|SUNDERLAND|GATESHEAD
B69	SANDWELL
TR1	CORNWALL
E6	GREATER_LONDON
TF4	TELFORD_AND_WREKIN
EH91	EDINBURGH
NN10	NORTHAMPTONSHIRE|BEDFORDSHIRE
GL1	GLOUCESTERSHIRE
EC4R	GREATER_LONDON
DG10	DUMFRIES_AND_GALLOWAY
BS20	BRISTOL|BATH_AND_NORTH_EAST_SOMERSET|SOUTH_GLOUCESTERSHIRE|NORTH_SOMERSET
DG7	DUMFRIES_AND_GALLOWAY
TA12	SOMERSET
NG4	NOTTINGHAMSHIRE
BB8	NORTH_YORKSHIRE|LANCASHIRE|BRADFORD|CALDERDALE|KIRKLEES
W1C	GREATER_LONDON
G15	GLASGOW
NR25	NORFOLK
PA68	ARGYLL_AND_BUTE
ST14	STAFFORDSHIRE
PA37	ARGYLL_AND_BUTE|EAST_DUNBARTONSHIRE|WEST_DUNBARTONSHIRE
CA7	CUMBRIA
PL27	CORNWALL
RM19	THURROCK|GREATER_LONDON|KENT
ME2	KENT
PA22	ARGYLL_AND_BUTE
TN15	KENT
NE28	SOUTH_TYNESIDE|NORTH_TYNESIDE|NEWCASTLE_UPON_TYNE|SUNDERLAND|GATESHEAD
DG12	DUMFRIES_AND_GALLOWAY
NN1	NORTHAMPTONSHIRE
CA3	CUMBRIA
NN16	NORTHAMPTONSHIRE
DG13	DUMFRIES_AND_GALLOWAY
TF6	SHROPSHIRE
KT18	SURREY
TD9	CUMBRIA
NN5	NORTHAMPTONSHIRE
SP1	WILTSHIRE
AL6	HERTFORDSHIRE
LL71	ANGLESEY
N7	GREATER_LONDON
CH42	WIRRAL
CF38	RHONDDA_CYNON_TAFF
NP24	CAERPHILLY
SA31	CARMARTHENSHIRE
PH13	ANGUS|PERTHSHIRE_AND_KINROSS
EX15	DEVON
WN6	LANCASHIRE|BOLTON|BURY|MANCHESTER|OLDHAM|ROCHDALE|SALFORD|STOCKPORT|TAMESIDE|TRAFFORD|WIGAN
AB24	ABERDEEN
RG40	BRACKNELL_FOREST|READING|SLOUGH|WEST_BERKSHIRE|WINDSOR_AND_MAIDENHEAD|WOKINGHAM
GU51	HAMPSHIRE
NE71	NORTHUMBERLAND
CH49	WIRRAL
MK16	NORTHAMPTONSHIRE|CENTRAL_BEDFORDSHIRE|MILTON_KEYNES|BEDFORDSHIRE
UB2	GREATER_LONDON
W9	GREATER_LONDON
PH21	HIGHLAND
M2	MANCHESTER
BT8	BELFAST|LISBURN_AND_CASTLEREAGH
KA18	EAST_AYRSHIRE
BT29	ANTRIM_AND_NEWTOWNABBEY|LISBURN_AND_CASTLEREAGH
LU1	HERTFORDSHIRE|LUTON|CENTRAL_BEDFORDSHIRE
HG4	NORTH_YORKSHIRE
SY20	GWYNEDD|CEREDIGION|POWYS
LL33	CONWY|GWYNEDD
SL4	SURREY|BRACKNELL_FOREST|READING|SLOUGH|WEST_BERKSHIRE|WINDSOR_AND_MAIDENHEAD|WOKINGHAM|BUCKINGHAMSHIRE
GL56	WARWICKSHIRE|OXFORDSHIRE|GLOUCESTERSHIRE|WORCESTERSHIRE
CT14	KENT
SA72	PEMBROKESHIRE
M46	MANCHESTER|BOLTON|BURY|OLDHAM|ROCHDALE|STOCKPORT|TAMESIDE|TRAFFORD|WIGAN|SALFORD
BA15	WILTSHIRE
S41	DERBYSHIRE
NE98	SOUTH_TYNESIDE|NORTH_TYNESIDE|NEWCASTLE_UPON_TYNE|SUNDERLAND|GATESHEAD
BH8	DORSET
L38	SEFTON
EX11	DEVON
AB54	ABERDEENSHIRE|MORAY
SP5	WILTSHIRE|HAMPSHIRE|DORSET
PL29	CORNWALL
CV33	WARWICKSHIRE
HP13	BUCKINGHAMSHIRE
WF2	BRADFORD|CALDERDALE|KIRKLEES|LEEDS|WAKEFIELD
NE88	SOUTH_TYNESIDE|NORTH_TYNESIDE|NEWCASTLE_UPON_TYNE|SUNDERLAND|GATESHEAD
SY1	SHROPSHIRE
G21	GLASGOW
WF1	WAKEFIELD
SL0	BUCKINGHAMSHIRE
SW16	GREATER_LONDON
FK1	WEST_LOTHIAN|FALKIRK|NORTH_LANARKSHIRE
ST6	STAFFORDSHIRE|STOKE-ON-TRENT
CV3	BIRMINGHAM|COVENTRY|WOLVERHAMPTON|DUDLEY|SANDWELL|SOLIHULL|WALSALL
BT94	FERMANAGH_AND_OMAGH
DY12	WORCESTERSHIRE|STAFFORDSHIRE|SHROPSHIRE
CR44	GREATER_LONDON
CW12	STAFFORDSHIRE|CHESHIRE_EAST
WR11	WORCESTERSHIRE|GLOUCESTERSHIRE|WARWICKSHIRE
G75	SOUTH_LANARKSHIRE|INVERCLYDE|EAST_RENFREWSHIRE|RENFREWSHIRE
SA73	PEMBROKESHIRE
M25	MANCHESTER|BOLTON|BURY|OLDHAM|ROCHDALE|STOCKPORT|TAMESIDE|TRAFFORD|WIGAN|SALFORD
PH8	PERTHSHIRE_AND_KINROSS
EH16	MIDLOTHIAN|EDINBURGH
WN2	MANCHESTER|BOLTON|BURY|OLDHAM|ROCHDALE|STOCKPORT|TAMESIDE|TRAFFORD|WIGAN|SALFORD
SG1	HERTFORDSHIRE
RM10	GREATER_LONDON
N13	GREATER_LONDON
LA5	LANCASHIRE
TW16	SURREY
E1W	GREATER_LONDON
MK4	MILTON_KEYNES|BUCKINGHAMSHIRE
L70	KNOWSLEY|SAINT_HELENS|SEFTON|WIRRAL
DD6	FIFE
HS7	EILEAN_SIAR
DY1	DUDLEY
LL73	ANGLESEY
AB31	ABERDEENSHIRE|ABERDEEN
TF9	STAFFORDSHIRE|SHROPSHIRE|TELFORD_AND_WREKIN|CHESHIRE_EAST
BD21	BRADFORD
W1G	GREATER_LONDON
DA11	KENT
BH11	DORSET
L33	KNOWSLEY|SAINT_HELENS|SEFTON|WIRRAL
NE12	NORTH_TYNESIDE
NR19	NORFOLK
DH5	DURHAM|SUNDERLAND
TW1	GREATER_LONDON
TN40	EAST_SUSSEX
IV40	HIGHLAND
LL45	GWYNEDD
BA8	SOMERSET
SR8	DURHAM
DG16	CUMBRIA|DUMFRIES_AND_GALLOWAY
LA8	CUMBRIA
SA39	CEREDIGION|CARMARTHENSHIRE
LN3	LINCOLNSHIRE
KT21	SURREY
LA3	LANCASHIRE
SN8	WILTSHIRE
CB6	NORFOLK|CAMBRIDGESHIRE
PE28	NORTHAMPTONSHIRE|CAMBRIDGESHIRE|BEDFORDSHIRE
PO12	HAMPSHIRE
RM17	THURROCK|ESSEX
W1K	GREATER_LONDON
RM16	THURROCK
DT9	SOMERSET|DORSET
DY7	WORCESTERSHIRE|DUDLEY|STAFFORDSHIRE|SHROPSHIRE
WS7	STAFFORDSHIRE
RH18	WEST_SUSSEX|EAST_SUSSEX
BS29	BATH_AND_NORTH_EAST_SOMERSET|NORTH_SOMERSET|SOUTH_GLOUCESTERSHIRE
PA47	ARGYLL_AND_BUTE
BN20	EAST_SUSSEX
AB33	ABERDEENSHIRE
EH36	EAST_LOTHIAN
N22	GREATER_LONDON
DL11	NORTH_YORKSHIRE|CUMBRIA|DURHAM
DY8	WORCESTERSHIRE|STAFFORDSHIRE|DUDLEY
RG20	HAMPSHIRE|BRACKNELL_FOREST|READING|SLOUGH|WEST_BERKSHIRE|WINDSOR_AND_MAIDENHEAD|WOKINGHAM|OXFORDSHIRE
SA20	CARMARTHENSHIRE
CA20	CUMBRIA
CM16	ESSEX
BD22	BRADFORD|CALDERDALE|KIRKLEES|NORTH_YORKSHIRE|LANCASHIRE
TF8	SHROPSHIRE
EX1	DEVON
SE4	GREATER_LONDON
DA10	KENT
CF14	CARDIFF|CAERPHILLY
S26	ROTHERHAM
IV16	HIGHLAND
HX2	CALDERDALE
S66	BARNSLEY|DONCASTER|ROTHERHAM|SHEFFIELD
DN8	BARNSLEY|DONCASTER|ROTHERHAM|SHEFFIELD
CH28	WIRRAL
OL11	ROCHDALE
TR20	CORNWALL
NN4	NORTHAMPTONSHIRE
DE55	NOTTINGHAMSHIRE|DERBYSHIRE
M30	SALFORD
CW7	CHESHIRE_EAST|CHESHIRE_WEST_AND_CHESTER
M9	MANCHESTER
BL11	BOLTON
EN3	GREATER_LONDON
CA5	CUMBRIA
BA12	WILTSHIRE
CF43	RHONDDA_CYNON_TAFF
M99	MANCHESTER
DN38	LINCOLNSHIRE
BB9	LANCASHIRE
BS11	BRISTOL
TQ2	DEVON
PH25	HIGHLAND
SE15	GREATER_LONDON
TD11	EAST_LOTHIAN|SCOTTISH_BORDERS
L2	KNOWSLEY|SAINT_HELENS|SEFTON|WIRRAL
LL63	ANGLESEY
L10	KNOWSLEY|SAINT_HELENS|SEFTON|WIRRAL
LE19	LEICESTERSHIRE
AB25	ABERDEEN
BS13	BATH_AND_NORTH_EAST_SOMERSET|BRISTOL
CH61	WIRRAL
CV4	BIRMINGHAM|COVENTRY|WOLVERHAMPTON|DUDLEY|SANDWELL|SOLIHULL|WALSALL
SE2	GREATER_LONDON
PA33	ARGYLL_AND_BUTE
W11	GREATER_LONDON
B21	BIRMINGHAM|SANDWELL
ST7	STAFFORDSHIRE|CHESHIRE_EAST|STOKE-ON-TRENT
IV47	HIGHLAND
RH1	SURREY
WD3	HERTFORDSHIRE|GREATER_LONDON|BUCKINGHAMSHIRE
GU25	SURREY
BD15	BRADFORD
HU10	EAST_RIDING_OF_YORKSHIRE
L69	KNOWSLEY|SAINT_HELENS|SEFTON|WIRRAL
ST15	STAFFORDSHIRE
B63	DUDLEY
CB9	SUFFOLK|ESSEX|CAMBRIDGESHIRE
ME10	KENT
TD3	SCOTTISH_BORDERS
SA41	PEMBROKESHIRE
PA35	ARGYLL_AND_BUTE
HA1	GREATER_LONDON
OL12	LANCASHIRE|CALDERDALE|KIRKLEES|BOLTON|BURY|MANCHESTER|OLDHAM|ROCHDALE|SALFORD|STOCKPORT|TAMESIDE|TRAFFORD|WIGAN
BH17	DORSET
DN16	NORTH_LINCOLNSHIRE
BH2	DORSET
G61	GLASGOW|EAST_DUNBARTONSHIRE
OX4	OXFORDSHIRE
SA18	SWANSEA|NEATH_PORT_TALBOT|CARMARTHENSHIRE
TQ10	DEVON
SE11	GREATER_LONDON
LS7	LEEDS
S75	CALDERDALE|KIRKLEES|LEEDS|WAKEFIELD|BARNSLEY|DONCASTER|ROTHERHAM|SHEFFIELD
LA10	NORTH_YORKSHIRE|LANCASHIRE|CUMBRIA
KY7	FIFE
LS5	LEEDS
SA47	CEREDIGION
LA12	CUMBRIA
LL72	ANGLESEY
ZE3	SHETLAND_ISLANDS
S73	BARNSLEY|DONCASTER|ROTHERHAM|SHEFFIELD
G41	GLASGOW
WN5	KNOWSLEY|SAINT_HELENS|SEFTON|WIRRAL|BOLTON|BURY|MANCHESTER|OLDHAM|ROCHDALE|SALFORD|STOCKPORT|TAMESIDE|TRAFFORD|WIGAN|LANCASHIRE
SN2	SWINDON|WILTSHIRE
W1H	GREATER_LONDON
CF37	RHONDDA_CYNON_TAFF|CAERPHILLY
PE22	LINCOLNSHIRE
LL21	CONWY|GWYNEDD|DENBIGHSHIRE
BB6	LANCASHIRE
PO6	HAMPSHIRE
CH70	CHESHIRE_WEST_AND_CHESTER
EH53	WEST_LOTHIAN|EDINBURGH
EX18	DEVON
TW12	SURREY|GREATER_LONDON
WN1	MANCHESTER|BOLTON|BURY|OLDHAM|ROCHDALE|STOCKPORT|TAMESIDE|TRAFFORD|WIGAN|SALFORD
AB23	ABERDEENSHIRE|ABERDEEN
N15	GREATER_LONDON
PR1	LANCASHIRE
CM0	ESSEX
GU33	WEST_SUSSEX|HAMPSHIRE
LS25	LEEDS|NORTH_YORKSHIRE
B99	BIRMINGHAM
N18	GREATER_LONDON
M1	MANCHESTER
NE23	SOUTH_TYNESIDE|NORTH_TYNESIDE|NORTHUMBERLAND
IV13	HIGHLAND
LL29	CONWY
SO50	HAMPSHIRE
M50	BOLTON|BURY|MANCHESTER|OLDHAM|ROCHDALE|SALFORD|STOCKPORT|TAMESIDE|TRAFFORD|WIGAN
PA74	ARGYLL_AND_BUTE
HU4	EAST_RIDING_OF_YORKSHIRE|KINGSTON_UPON_HULL
BN26	EAST_SUSSEX
ML2	SOUTH_LANARKSHIRE|NORTH_LANARKSHIRE
HP17	BUCKINGHAMSHIRE
EH99	EDINBURGH
G9	GLASGOW
GU29	WEST_SUSSEX
PA32	ARGYLL_AND_BUTE
NE2	NEWCASTLE_UPON_TYNE
TF11	STAFFORDSHIRE|SHROPSHIRE|TELFORD_AND_WREKIN
BS3	BRISTOL|BATH_AND_NORTH_EAST_SOMERSET|NORTH_SOMERSET|SOUTH_GLOUCESTERSHIRE
AL2	HERTFORDSHIRE
LE9	LEICESTERSHIRE
W7	GREATER_LONDON
N4	GREATER_LONDON
TN6	EAST_SUSSEX
DA16	GREATER_LONDON
S63	BARNSLEY|DONCASTER|ROTHERHAM|SHEFFIELD
PH40	HIGHLAND
CT17	KENT
DY3	WOLVERHAMPTON|DUDLEY|STAFFORDSHIRE
SW1E	GREATER_LONDON
G68	FALKIRK|EAST_DUNBARTONSHIRE|NORTH_LANARKSHIRE
WV11	STAFFORDSHIRE|WOLVERHAMPTON|WALSALL
CW11	CHESHIRE_EAST
BT37	ANTRIM_AND_NEWTOWNABBEY
DL13	DURHAM
HP5	HERTFORDSHIRE|BUCKINGHAMSHIRE
ME18	KENT
FY7	LANCASHIRE
FK8	STIRLING
CF35	RHONDDA_CYNON_TAFF|VALE_OF_GLAMORGAN|BRIDGEND
TS10	REDCAR_AND_CLEVELAND
NE49	NORTHUMBERLAND
CW6	CHESHIRE_EAST|CHESHIRE_WEST_AND_CHESTER
EC2N	GREATER_LONDON
WC2R	GREATER_LONDON
RH14	WEST_SUSSEX|SURREY
DL2	NORTH_YORKSHIRE|HARTLEPOOL|STOCKTON-ON-TEES|DURHAM|DARLINGTON
LL61	ANGLESEY
DT7	DORSET
UB10	GREATER_LONDON
DN41	LINCOLNSHIRE
WA9	KNOWSLEY|SAINT_HELENS|SEFTON|WIRRAL
HS6	EILEAN_SIAR
CF24	CARDIFF
SO24	HAMPSHIRE
WD5	HERTFORDSHIRE
TR16	CORNWALL
UB1	GREATER_LONDON
NG12	NOTTINGHAMSHIRE
YO1	YORK
WC1H	GREATER_LONDON
SL8	BUCKINGHAMSHIRE
PE8	NORTHAMPTONSHIRE|CAMBRIDGESHIRE|PETERBOROUGH
PR4	LANCASHIRE
LL64	ANGLESEY
SK22	MANCHESTER|BOLTON|BURY|OLDHAM|ROCHDALE|STOCKPORT|TAMESIDE|TRAFFORD|WIGAN|SALFORD|DERBYSHIRE|CHESHIRE_EAST
B11	BIRMINGHAM
L21	SEFTON
TQ14	DEVON
L37	KNOWSLEY|SAINT_HELENS|SEFTON|WIRRAL
BT56	CAUSEWAY_COAST_AND_GLENS
SW4	GREATER_LONDON
NE32	SOUTH_TYNESIDE
BH31	HAMPSHIRE|DORSET
RG23	HAMPSHIRE
DN10	BARNSLEY|DONCASTER|ROTHERHAM|SHEFFIELD|LINCOLNSHIRE|NOTTINGHAMSHIRE
OL14	BRADFORD|CALDERDALE|KIRKLEES|LEEDS|WAKEFIELD
DD9	ANGUS|ABERDEENSHIRE
EH22	MIDLOTHIAN|EAST_LOTHIAN|EDINBURGH
CA13	CUMBRIA
RG18	WEST_BERKSHIRE
RM15	GREATER_LONDON|ESSEX
LS23	LEEDS
B98	WORCESTERSHIRE|WARWICKSHIRE
L14	KNOWSLEY|SAINT_HELENS|SEFTON|WIRRAL
DD3	ANGUS|DUNDEE
SA65	PEMBROKESHIRE
TA18	SOMERSET
BS1	BRISTOL
NP13	BLAENAU_GWENT|CAERPHILLY
EN2	HERTFORDSHIRE|GREATER_LONDON
TW8	GREATER_LONDON
AB44	ABERDEENSHIRE
GU31	WEST_SUSSEX|HAMPSHIRE
BT48	DERRY_AND_STRABANE
BT19	NORTH_DOWN_AND_ARDS
TW11	GREATER_LONDON
GU6	SURREY
LE15	RUTLAND
SA33	CARMARTHENSHIRE
WV99	TELFORD_AND_WREKIN
NE21	GATESHEAD
BD9	BRADFORD
BD14	BRADFORD
CT21	KENT
RH12	WEST_SUSSEX|SURREY
L80	SEFTON
S99	SHEFFIELD
ME8	KENT
RG6	BRACKNELL_FOREST|READING|SLOUGH|WEST_BERKSHIRE|WINDSOR_AND_MAIDENHEAD|WOKINGHAM
NG5	NOTTINGHAMSHIRE|NOTTINGHAM
ST4	STAFFORDSHIRE|STOKE-ON-TRENT
G1	GLASGOW
IP98	NORFOLK
NE63	NORTHUMBERLAND
PL28	CORNWALL
L12	KNOWSLEY|SAINT_HELENS|SEFTON|WIRRAL
PE5	PETERBOROUGH
PO20	WEST_SUSSEX
B10	BIRMINGHAM
KY5	PERTHSHIRE_AND_KINROSS|FIFE
BT9	BELFAST
AB21	ABERDEENSHIRE|ABERDEEN
AB39	ABERDEENSHIRE
EN4	HERTFORDSHIRE|GREATER_LONDON
GL20	WORCESTERSHIRE|GLOUCESTERSHIRE
B18	BIRMINGHAM|COVENTRY|WOLVERHAMPTON|DUDLEY|SANDWELL|SOLIHULL|WALSALL
PH50	HIGHLAND
BB11	LANCASHIRE
DE4	DERBYSHIRE
B6	BIRMINGHAM
DE12	LEICESTERSHIRE|STAFFORDSHIRE|DERBYSHIRE|WARWICKSHIRE
LL76	ANGLESEY
PE3	PETERBOROUGH
NG9	NOTTINGHAMSHIRE
SK8	MANCHESTER|BOLTON|BURY|OLDHAM|ROCHDALE|STOCKPORT|TAMESIDE|TRAFFORD|WIGAN|SALFORD|CHESHIRE_EAST
TR22	ISLES_OF_SCILLY
BS37	SOUTH_GLOUCESTERSHIRE|BATH_AND_NORTH_EAST_SOMERSET|SOUTH_GLOUCESTERSHIRE|NORTH_SOMERSET
SK1	STOCKPORT
B65	BIRMINGHAM|COVENTRY|WOLVERHAMPTON|DUDLEY|SANDWELL|SOLIHULL|WALSALL
LU6	HERTFORDSHIRE|LUTON|CENTRAL_BEDFORDSHIRE
B8	BIRMINGHAM
TF5	TELFORD_AND_WREKIN
CH47	WIRRAL
DL6	NORTH_YORKSHIRE|DARLINGTON
IP33	SUFFOLK
M6	SALFORD
WD4	HERTFORDSHIRE
SK2	STOCKPORT
TD5	NORTHUMBERLAND|SCOTTISH_BORDERS
PL16	DEVON
TS28	DURHAM
GL11	GLOUCESTERSHIRE
TS4	MIDDLESBROUGH
LS3	LEEDS
IV15	HIGHLAND
PL95	PLYMOUTH
BN13	WEST_SUSSEX
BD12	BRADFORD|CALDERDALE|KIRKLEES|LEEDS|WAKEFIELD
TW14	SURREY|GREATER_LONDON
KW6	HIGHLAND
OX39	OXFORDSHIRE
YO32	NORTH_YORKSHIRE
LE14	NOTTINGHAMSHIRE|LEICESTERSHIRE|LINCOLNSHIRE
EX19	DEVON
SP10	HAMPSHIRE
BA16	SOMERSET
BH4	DORSET
RH6	WEST_SUSSEX|SURREY
MK41	BEDFORDSHIRE
CH32	WIRRAL
EC1A	GREATER_LONDON
FK10	FIFE|CLACKMANNANSHIRE|FALKIRK|STIRLING|PERTHSHIRE_AND_KINROSS
GL8	WILTSHIRE|GLOUCESTERSHIRE
DH1	DURHAM
B77	WARWICKSHIRE|STAFFORDSHIRE
SO42	HAMPSHIRE
BD18	BRADFORD
GU3	SURREY
PE13	NORFOLK|LINCOLNSHIRE|CAMBRIDGESHIRE|PETERBOROUGH
DE56	DERBYSHIRE
CB11	ESSEX
B5	BIRMINGHAM
LE17	WARWICKSHIRE|LEICESTERSHIRE|NORTHAMPTONSHIRE
LL13	WREXHAM
CR2	SURREY|GREATER_LONDON
NE65	NORTHUMBERLAND
PH9	PERTHSHIRE_AND_KINROSS
AB42	ABERDEENSHIRE
ZE1	SHETLAND_ISLANDS
EX24	DEVON
PE10	LINCOLNSHIRE
TS14	NORTH_YORKSHIRE
LE11	LEICESTERSHIRE
SY21	SHROPSHIRE|POWYS
TW9	GREATER_LONDON
TF7	TELFORD_AND_WREKIN|SHROPSHIRE
CH99	CHESHIRE_WEST_AND_CHESTER
WV9	WOLVERHAMPTON|STAFFORDSHIRE
BS16	BRISTOL|BATH_AND_NORTH_EAST_SOMERSET|NORTH_SOMERSET|SOUTH_GLOUCESTERSHIRE
YO60	NORTH_YORKSHIRE
DA6	GREATER_LONDON
LS26	BRADFORD|CALDERDALE|KIRKLEES|LEEDS|WAKEFIELD
LE13	LEICESTERSHIRE
LA7	LANCASHIRE|CUMBRIA
SY11	SHROPSHIRE
FK18	STIRLING
S70	BARNSLEY
CH62	KNOWSLEY|SAINT_HELENS|SEFTON|WIRRAL
PL11	DEVON|CORNWALL
ME20	KENT
BR5	GREATER_LONDON
WF14	BRADFORD|CALDERDALE|KIRKLEES|LEEDS|WAKEFIELD
BR3	GREATER_LONDON
NN6	NORTHAMPTONSHIRE
BH7	DORSET
GL9	WILTSHIRE|BATH_AND_NORTH_EAST_SOMERSET|NORTH_SOMERSET|SOUTH_GLOUCESTERSHIRE|GLOUCESTERSHIRE
CH34	CHESHIRE_WEST_AND_CHESTER
HU20	EAST_RIDING_OF_YORKSHIRE
BA9	SOMERSET
EX4	DEVON
BT21	NORTH_DOWN_AND_ARDS
IP10	SUFFOLK
SW17	GREATER_LONDON
G77	EAST_RENFREWSHIRE|EAST_AYRSHIRE|GLASGOW|INVERCLYDE|EAST_RENFREWSHIRE|RENFREWSHIRE
B70	SANDWELL
NE9	SOUTH_TYNESIDE|NORTH_TYNESIDE|NEWCASTLE_UPON_TYNE|SUNDERLAND|GATESHEAD
SA11	NEATH_PORT_TALBOT|RHONDDA_CYNON_TAFF|POWYS
BT5	BELFAST|LISBURN_AND_CASTLEREAGH
G44	GLASGOW|EAST_RENFREWSHIRE|SOUTH_LANARKSHIRE
EX22	DEVON
TD4	SCOTTISH_BORDERS
CO10	SUFFOLK|ESSEX
LS88	LEEDS
SL95	SLOUGH
FK13	CLACKMANNANSHIRE
BB2	LANCASHIRE
B73	BIRMINGHAM
LS21	BRADFORD|LEEDS|NORTH_YORKSHIRE
TF2	SHROPSHIRE|TELFORD_AND_WREKIN
SW1Y	GREATER_LONDON
ZE2	SHETLAND_ISLANDS
PA13	RENFREWSHIRE|INVERCLYDE
HG5	NORTH_YORKSHIRE
BT1	BELFAST
WA10	KNOWSLEY|SAINT_HELENS|SEFTON|WIRRAL
BR2	GREATER_LONDON
SY9	SHROPSHIRE
SY7	SHROPSHIRE
KT14	SURREY
NP25	HEREFORDSHIRE|GLOUCESTERSHIRE|MONMOUTHSHIRE|NEWPORT
CV35	WARWICKSHIRE
EH1	EDINBURGH
SR5	SOUTH_TYNESIDE|NORTH_TYNESIDE|NEWCASTLE_UPON_TYNE|SUNDERLAND|GATESHEAD
G32	GLASGOW
IP6	SUFFOLK
BA7	SOMERSET
WV5	STAFFORDSHIRE|SHROPSHIRE
WF10	BRADFORD|CALDERDALE|KIRKLEES|LEEDS|WAKEFIELD
NG13	NOTTINGHAMSHIRE|LEICESTERSHIRE|LINCOLNSHIRE
W1S	GREATER_LONDON
SM6	GREATER_LONDON
LE94	LEICESTERSHIRE
EH15	EDINBURGH
BT51	MID_ULSTER|CAUSEWAY_COAST_AND_GLENS
WF7	WAKEFIELD
SS7	ESSEX
EH30	WEST_LOTHIAN|EDINBURGH
PL35	CORNWALL
LS20	BRADFORD|CALDERDALE|KIRKLEES|LEEDS|WAKEFIELD
S10	SHEFFIELD
ST8	STAFFORDSHIRE
L11	KNOWSLEY|SAINT_HELENS|SEFTON|WIRRAL
TR19	CORNWALL
BD10	BRADFORD|CALDERDALE|KIRKLEES|LEEDS|WAKEFIELD
IV23	HIGHLAND
LL51	GWYNEDD
BD6	BRADFORD
SS15	ESSEX
SY14	WREXHAM|FLINTSHIRE|CHESHIRE_EAST|CHESHIRE_WEST_AND_CHESTER
TS24	HARTLEPOOL|STOCKTON-ON-TEES|DURHAM
FK16	STIRLING
SL9	HERTFORDSHIRE|BUCKINGHAMSHIRE
RG2	BRACKNELL_FOREST|READING|SLOUGH|WEST_BERKSHIRE|WINDSOR_AND_MAIDENHEAD|WOKINGHAM
BN41	WEST_SUSSEX|BRIGHTON_AND_HOVE
G70	NORTH_LANARKSHIRE
ML3	SOUTH_LANARKSHIRE|NORTH_LANARKSHIRE
LL67	ANGLESEY
BN27	EAST_SUSSEX
AB53	ABERDEENSHIRE
YO24	YORK
IG5	GREATER_LONDON
GL51	GLOUCESTERSHIRE
SN26	SWINDON
BS48	NORTH_SOMERSET|BATH_AND_NORTH_EAST_SOMERSET|SOUTH_GLOUCESTERSHIRE
CV7	COVENTRY|SOLIHULL|WARWICKSHIRE
DA4	KENT
BN12	WEST_SUSSEX
DN7	DONCASTER
ME16	KENT
NE22	NORTHUMBERLAND
OL2	MANCHESTER|BOLTON|BURY|OLDHAM|ROCHDALE|STOCKPORT|TAMESIDE|TRAFFORD|WIGAN|SALFORD
KA22	NORTH_AYRSHIRE
EX9	DEVON
PA43	ARGYLL_AND_BUTE
WF8	BRADFORD|CALDERDALE|KIRKLEES|LEEDS|WAKEFIELD|NORTH_YORKSHIRE
CV36	WARWICKSHIRE
CH33	CHESHIRE_WEST_AND_CHESTER
LL42	GWYNEDD
IV45	HIGHLAND
SG2	HERTFORDSHIRE
IV56	HIGHLAND
DD4	ANGUS|DUNDEE
N19	GREATER_LONDON
WC1A	GREATER_LONDON
KA29	NORTH_AYRSHIRE
IP21	SUFFOLK|NORFOLK
TA8	SOMERSET
WV13	BIRMINGHAM|COVENTRY|WOLVERHAMPTON|DUDLEY|SANDWELL|SOLIHULL|WALSALL
WC2H	GREATER_LONDON
HG1	NORTH_YORKSHIRE
BN45	WEST_SUSSEX
LD3	POWYS
B96	WORCESTERSHIRE|WARWICKSHIRE
SA9	NEATH_PORT_TALBOT|CARMARTHENSHIRE|POWYS
CR3	SURREY|GREATER_LONDON
UB7	GREATER_LONDON
DY13	WORCESTERSHIRE
B60	WORCESTERSHIRE
SN13	WILTSHIRE
SM4	GREATER_LONDON
SO21	HAMPSHIRE
BT12	BELFAST
SL7	BUCKINGHAMSHIRE
HX1	CALDERDALE
CF39	RHONDDA_CYNON_TAFF|BRIDGEND
CM5	ESSEX
OX7	WARWICKSHIRE|OXFORDSHIRE|GLOUCESTERSHIRE
HR2	HEREFORDSHIRE
BD13	BRADFORD|CALDERDALE|KIRKLEES|LEEDS|WAKEFIELD
PA38	HIGHLAND|ARGYLL_AND_BUTE
WR4	WORCESTERSHIRE
CH43	WIRRAL
B3	BIRMINGHAM
SN6	WILTSHIRE|SWINDON|GLOUCESTERSHIRE|OXFORDSHIRE
BA10	SOMERSET
SE25	GREATER_LONDON
KA6	EAST_AYRSHIRE|SOUTH_AYRSHIRE
NN29	NORTHAMPTONSHIRE
AB41	ABERDEENSHIRE
DE21	DERBYSHIRE|DERBY
TD10	SCOTTISH_BORDERS
PL24	CORNWALL
WA6	CHESHIRE_WEST_AND_CHESTER
PH35	HIGHLAND
NE45	NORTHUMBERLAND
PL1	PLYMOUTH
KA19	EAST_AYRSHIRE|SOUTH_AYRSHIRE
CT3	KENT
HP12	BUCKINGHAMSHIRE
GU7	SURREY
BB5	LANCASHIRE
TR2	CORNWALL
B36	BIRMINGHAM|COVENTRY|WOLVERHAMPTON|DUDLEY|SANDWELL|SOLIHULL|WALSALL
L71	KNOWSLEY|SAINT_HELENS|SEFTON|WIRRAL
S12	BARNSLEY|DONCASTER|ROTHERHAM|SHEFFIELD
PA65	ARGYLL_AND_BUTE
SA68	PEMBROKESHIRE
CH44	WIRRAL
AB34	ABERDEENSHIRE
KT17	SURREY
BH25	HAMPSHIRE
PA11	RENFREWSHIRE|INVERCLYDE
WS3	BIRMINGHAM|COVENTRY|WOLVERHAMPTON|DUDLEY|SANDWELL|SOLIHULL|WALSALL
NE38	SOUTH_TYNESIDE|NORTH_TYNESIDE|NEWCASTLE_UPON_TYNE|SUNDERLAND|GATESHEAD
M8	MANCHESTER|BOLTON|BURY|OLDHAM|ROCHDALE|STOCKPORT|TAMESIDE|TRAFFORD|WIGAN|SALFORD
SE23	GREATER_LONDON
SO20	HAMPSHIRE
CO1	ESSEX
EH9	EDINBURGH
OL13	LANCASHIRE
DH99	DURHAM
GL54	GLOUCESTERSHIRE
CO3	ESSEX
LD5	POWYS
RH10	WEST_SUSSEX|SURREY
S9	SHEFFIELD
PA60	ARGYLL_AND_BUTE
B50	WORCESTERSHIRE|WARWICKSHIRE
CF36	BRIDGEND
TS29	DURHAM
N6	GREATER_LONDON
CO14	ESSEX
M43	MANCHESTER|BOLTON|BURY|OLDHAM|ROCHDALE|STOCKPORT|TAMESIDE|TRAFFORD|WIGAN|SALFORD
CR9	GREATER_LONDON
DG11	DUMFRIES_AND_GALLOWAY
KA3	NORTH_AYRSHIRE|EAST_AYRSHIRE
NP11	TORFAEN|BLAENAU_GWENT|CAERPHILLY
GU47	BRACKNELL_FOREST
SY16	POWYS
PR8	SEFTON|LANCASHIRE
DL16	DURHAM
WN4	KNOWSLEY|SAINT_HELENS|SEFTON|WIRRAL|BOLTON|BURY|MANCHESTER|OLDHAM|ROCHDALE|SALFORD|STOCKPORT|TAMESIDE|TRAFFORD|WIGAN
N1	GREATER_LONDON
CA26	CUMBRIA
IP20	SUFFOLK|NORFOLK
IV22	HIGHLAND
SE8	GREATER_LONDON
BL0	LANCASHIRE|BOLTON|BURY|MANCHESTER|OLDHAM|ROCHDALE|SALFORD|STOCKPORT|TAMESIDE|TRAFFORD|WIGAN
B94	SOLIHULL|WORCESTERSHIRE|WARWICKSHIRE
BH18	DORSET
DD10	ANGUS|ABERDEENSHIRE
BT7	BELFAST
EH4	EDINBURGH
BR8	KENT
WF13	KIRKLEES
LS18	LEEDS
DN5	BARNSLEY|DONCASTER|ROTHERHAM|SHEFFIELD
HU15	EAST_RIDING_OF_YORKSHIRE
SY17	POWYS
KW13	HIGHLAND
SK13	MANCHESTER|BOLTON|BURY|OLDHAM|ROCHDALE|STOCKPORT|TAMESIDE|TRAFFORD|WIGAN|SALFORD|BARNSLEY|DONCASTER|ROTHERHAM|CALDERDALE|KIRKLEES|DERBYSHIRE|SHEFFIELD
CA4	CUMBRIA
RM7	GREATER_LONDON
OX49	OXFORDSHIRE
KT22	SURREY
MK9	MILTON_KEYNES
BT75	MID_ULSTER|FERMANAGH_AND_OMAGH
HD4	KIRKLEES
S20	BARNSLEY|DONCASTER|ROTHERHAM|SHEFFIELD
PE36	NORFOLK
SE1	GREATER_LONDON
RG10	BRACKNELL_FOREST|READING|SLOUGH|WEST_BERKSHIRE|WINDSOR_AND_MAIDENHEAD|WOKINGHAM
PA77	ARGYLL_AND_BUTE
CF41	RHONDDA_CYNON_TAFF
EN11	HERTFORDSHIRE
SW5	GREATER_LONDON
FK12	CLACKMANNANSHIRE
MK14	MILTON_KEYNES
WF17	BRADFORD|CALDERDALE|KIRKLEES|LEEDS|WAKEFIELD
AL3	HERTFORDSHIRE|CENTRAL_BEDFORDSHIRE
BD5	BRADFORD
LL43	GWYNEDD
B44	BIRMINGHAM
LL14	SHROPSHIRE|FLINTSHIRE|WREXHAM|CONWY|DENBIGHSHIRE
HD7	KIRKLEES
IP27	SUFFOLK
DY5	DUDLEY
HP7	BUCKINGHAMSHIRE
PR2	LANCASHIRE
PA64	ARGYLL_AND_BUTE
NG25	NOTTINGHAMSHIRE
TD1	SCOTTISH_BORDERS
GU28	WEST_SUSSEX
SA44	CEREDIGION|CARMARTHENSHIRE
TN38	EAST_SUSSEX
WV1	WOLVERHAMPTON
CH25	WIRRAL
EH35	EAST_LOTHIAN
G79	SOUTH_LANARKSHIRE
EH17	MIDLOTHIAN|EDINBURGH
IV25	HIGHLAND
EH47	WEST_LOTHIAN|NORTH_LANARKSHIRE
NE99	NEWCASTLE_UPON_TYNE
MK17	BUCKINGHAMSHIRE|CENTRAL_BEDFORDSHIRE|NORTHAMPTONSHIRE|MILTON_KEYNES
CO2	ESSEX
IV52	HIGHLAND
RH8	SURREY
SS8	ESSEX
SA48	CEREDIGION|CARMARTHENSHIRE
BN23	EAST_SUSSEX
CM99	ESSEX
L36	KNOWSLEY|SAINT_HELENS|SEFTON|WIRRAL
WC1E	GREATER_LONDON
SS1	SOUTHEND-ON-SEA
BN16	WEST_SUSSEX
OX1	OXFORDSHIRE
TN23	KENT
NP12	CAERPHILLY
BB18	NORTH_YORKSHIRE|LANCASHIRE
PE9	RUTLAND|LEICESTERSHIRE|NORTHAMPTONSHIRE|LINCOLNSHIRE|PETERBOROUGH
E9	GREATER_LONDON
BN2	EAST_SUSSEX|BRIGHTON_AND_HOVE
ME19	KENT
S21	BARNSLEY|DONCASTER|ROTHERHAM|SHEFFIELD|DERBYSHIRE
OL3	OLDHAM
SO30	HAMPSHIRE
ME6	KENT
IP30	SUFFOLK
EC1R	GREATER_LONDON
CA1	CUMBRIA
BT11	BELFAST
NG20	NOTTINGHAMSHIRE|DERBYSHIRE
NR35	SUFFOLK|NORFOLK
RG42	BRACKNELL_FOREST|READING|SLOUGH|WEST_BERKSHIRE|WINDSOR_AND_MAIDENHEAD|WOKINGHAM
DG9	DUMFRIES_AND_GALLOWAY
EC3M	GREATER_LONDON
YO17	NORTH_YORKSHIRE
IP5	SUFFOLK
RG17	WILTSHIRE|BRACKNELL_FOREST|READING|SLOUGH|WEST_BERKSHIRE|WINDSOR_AND_MAIDENHEAD|WOKINGHAM|HAMPSHIRE|SWINDON|OXFORDSHIRE
BH1	DORSET
DY4	BIRMINGHAM|COVENTRY|WOLVERHAMPTON|DUDLEY|SANDWELL|SOLIHULL|WALSALL
TA6	SOMERSET
KA8	SOUTH_AYRSHIRE
W5	GREATER_LONDON
BT55	CAUSEWAY_COAST_AND_GLENS
NR23	NORFOLK
OL9	OLDHAM
PL4	DEVON
HR3	HEREFORDSHIRE|POWYS
HX7	CALDERDALE
AL7	HERTFORDSHIRE
M17	MANCHESTER|BOLTON|BURY|OLDHAM|ROCHDALE|STOCKPORT|TAMESIDE|TRAFFORD|WIGAN|SALFORD
SE28	GREATER_LONDON
NR4	NORFOLK
NE30	NORTH_TYNESIDE
SA61	PEMBROKESHIRE
BL9	LANCASHIRE|BOLTON|BURY|MANCHESTER|OLDHAM|ROCHDALE|SALFORD|STOCKPORT|TAMESIDE|TRAFFORD|WIGAN
IV18	HIGHLAND
G67	FALKIRK|NORTH_LANARKSHIRE|EAST_DUNBARTONSHIRE|WEST_DUNBARTONSHIRE
RM13	GREATER_LONDON
ME9	KENT
SW6	GREATER_LONDON
E3	GREATER_LONDON
GL53	GLOUCESTERSHIRE
M15	MANCHESTER|BOLTON|BURY|OLDHAM|ROCHDALE|STOCKPORT|TAMESIDE|TRAFFORD|WIGAN|SALFORD
NR32	SUFFOLK
IV21	HIGHLAND
LL27	CONWY
LD2	POWYS
DA3	KENT
NP18	NEWPORT|TORFAEN|MONMOUTHSHIRE
EX21	DEVON
DY14	WORCESTERSHIRE|SHROPSHIRE
TS27	DURHAM
EH2	EDINBURGH
BD8	BRADFORD
NG24	NOTTINGHAMSHIRE
E17	GREATER_LONDON
CV9	WARWICKSHIRE|LEICESTERSHIRE
LS2	LEEDS
PE16	CAMBRIDGESHIRE
LD6	POWYS
IP18	SUFFOLK
NE3	SOUTH_TYNESIDE|NORTH_TYNESIDE|NEWCASTLE_UPON_TYNE|SUNDERLAND|GATESHEAD
SP9	WILTSHIRE|HAMPSHIRE
NR29	NORFOLK
SW19	GREATER_LONDON
NG8	NOTTINGHAMSHIRE
WN3	WIGAN
B64	BIRMINGHAM|COVENTRY|WOLVERHAMPTON|DUDLEY|SANDWELL|SOLIHULL|WALSALL
YO62	NORTH_YORKSHIRE
S71	BARNSLEY|DONCASTER|ROTHERHAM|WAKEFIELD
LE41	LEICESTERSHIRE
E7	GREATER_LONDON
PA34	ARGYLL_AND_BUTE|EAST_DUNBARTONSHIRE|WEST_DUNBARTONSHIRE
LN13	LINCOLNSHIRE
CH66	CHESHIRE_WEST_AND_CHESTER
BT70	MID_ULSTER|FERMANAGH_AND_OMAGH
YO42	EAST_RIDING_OF_YORKSHIRE
IG4	GREATER_LONDON
S81	BARNSLEY|DONCASTER|ROTHERHAM|NOTTINGHAMSHIRE|DERBYSHIRE
SG19	CAMBRIDGESHIRE|CENTRAL_BEDFORDSHIRE|BEDFORDSHIRE
LL48	GWYNEDD
LL68	ANGLESEY
TA21	SOMERSET
PA80	HIGHLAND
DN20	LINCOLNSHIRE
DN33	LINCOLNSHIRE
IV2	HIGHLAND
NE61	NORTHUMBERLAND
BN95	WEST_SUSSEX
HU1	KINGSTON_UPON_HULL
LN6	NOTTINGHAMSHIRE|LINCOLNSHIRE
LL28	CONWY
CF61	VALE_OF_GLAMORGAN
PH33	HIGHLAND
TD12	NORTHUMBERLAND
LL34	CONWY
LL31	CONWY
KA11	NORTH_AYRSHIRE|EAST_AYRSHIRE
B42	BIRMINGHAM|COVENTRY|WOLVERHAMPTON|DUDLEY|SANDWELL|SOLIHULL|WALSALL
TS6	REDCAR_AND_CLEVELAND|HARTLEPOOL|STOCKTON-ON-TEES
LL54	GWYNEDD
GU1	SURREY
NN3	NORTHAMPTONSHIRE
TW4	GREATER_LONDON
KY1	FIFE
PL21	DEVON
NG6	NOTTINGHAMSHIRE
PL25	CORNWALL
IP19	SUFFOLK
AL9	HERTFORDSHIRE
RG8	OXFORDSHIRE|BRACKNELL_FOREST|READING|SLOUGH|WEST_BERKSHIRE|WINDSOR_AND_MAIDENHEAD|WOKINGHAM
BS7	BATH_AND_NORTH_EAST_SOMERSET|SOUTH_GLOUCESTERSHIRE|NORTH_SOMERSET|BRISTOL
BH6	DORSET|BOURNEMOUTH|POOLE
BB12	LANCASHIRE
EH54	WEST_LOTHIAN
OX14	OXFORDSHIRE
HU8	EAST_RIDING_OF_YORKSHIRE
PH15	PERTHSHIRE_AND_KINROSS
IV7	HIGHLAND
HU11	EAST_RIDING_OF_YORKSHIRE
KT2	GREATER_LONDON
SR4	SUNDERLAND
TR25	ISLES_OF_SCILLY
IV20	HIGHLAND
BT52	CAUSEWAY_COAST_AND_GLENS
LA16	CUMBRIA
G51	GLASGOW|RENFREWSHIRE
CW3	STAFFORDSHIRE
TS9	NORTH_YORKSHIRE
CA11	CUMBRIA
HA7	HERTFORDSHIRE|GREATER_LONDON
HP10	BUCKINGHAMSHIRE
NG90	NOTTINGHAMSHIRE
NE82	GATESHEAD
SR6	SOUTH_TYNESIDE|NORTH_TYNESIDE|NEWCASTLE_UPON_TYNE|SUNDERLAND|GATESHEAD
TN7	EAST_SUSSEX
DH3	SOUTH_TYNESIDE|NORTH_TYNESIDE|DURHAM
HX3	BRADFORD|CALDERDALE|KIRKLEES|LEEDS|WAKEFIELD
G63	STIRLING|WEST_DUNBARTONSHIRE|ARGYLL_AND_BUTE|EAST_DUNBARTONSHIRE|PERTHSHIRE_AND_KINROSS|STIRLING|NORTH_LANARKSHIRE
BA22	SOMERSET
M31	TRAFFORD
BS14	BRISTOL|BATH_AND_NORTH_EAST_SOMERSET|NORTH_SOMERSET|SOUTH_GLOUCESTERSHIRE
B66	BIRMINGHAM|SANDWELL
LS11	LEEDS
W12	GREATER_LONDON
NW1	GREATER_LONDON
CH88	CHESHIRE_WEST_AND_CHESTER
EX14	SOMERSET|DEVON
NR99	NORFOLK
TN19	EAST_SUSSEX
CH7	DENBIGHSHIRE|FLINTSHIRE
CM77	ESSEX
DG6	DUMFRIES_AND_GALLOWAY
CB10	ESSEX|CAMBRIDGESHIRE
S62	ROTHERHAM
SS13	ESSEX
IV1	HIGHLAND
M5	BOLTON|BURY|MANCHESTER|OLDHAM|ROCHDALE|SALFORD|STOCKPORT|TAMESIDE|TRAFFORD|WIGAN
IP23	SUFFOLK
LS8	LEEDS
NR10	NORFOLK
OL1	OLDHAM
MK15	MILTON_KEYNES
NE25	SOUTH_TYNESIDE|NORTH_TYNESIDE|NORTHUMBERLAND
BT53	CAUSEWAY_COAST_AND_GLENS
SO41	HAMPSHIRE
BS32	BATH_AND_NORTH_EAST_SOMERSET|SOUTH_GLOUCESTERSHIRE|NORTH_SOMERSET
CF5	CARDIFF|VALE_OF_GLAMORGAN
SY4	SHROPSHIRE
RG1	BRACKNELL_FOREST|READING|SLOUGH|WEST_BERKSHIRE|WINDSOR_AND_MAIDENHEAD|WOKINGHAM
CM92	ESSEX
KA30	NORTH_AYRSHIRE|EAST_AYRSHIRE|ARGYLL_AND_BUTE|INVERCLYDE|EAST_RENFREWSHIRE|RENFREWSHIRE
WA4	CHESHIRE_EAST|CHESHIRE_WEST_AND_CHESTER|WARRINGTON|KNOWSLEY|SAINT_HELENS|SEFTON|WIRRAL|WARRINGTON
NP23	MONMOUTHSHIRE|BLAENAU_GWENT
GU24	SURREY
FY2	BLACKPOOL|LANCASHIRE
WR99	WORCESTERSHIRE
LL46	GWYNEDD
DE22	DERBYSHIRE|DERBY
PL18	CORNWALL|DEVON
IV32	MORAY
EH29	WEST_LOTHIAN|EDINBURGH
SM5	SURREY|GREATER_LONDON
CT13	KENT
LL38	GWYNEDD
SA34	PEMBROKESHIRE|CARMARTHENSHIRE
S64	BARNSLEY|DONCASTER|ROTHERHAM|SHEFFIELD
PH10	PERTHSHIRE_AND_KINROSS
RG41	WOKINGHAM
OX20	OXFORDSHIRE
TR11	CORNWALL
DD11	ANGUS
PR0	LANCASHIRE
BS39	SOMERSET
S40	DERBYSHIRE
NG19	NOTTINGHAMSHIRE
PL5	DEVON|PLYMOUTH|CORNWALL
RG12	BRACKNELL_FOREST
ML7	WEST_LOTHIAN|NORTH_LANARKSHIRE
PO7	HAMPSHIRE
YO25	NORTH_YORKSHIRE|EAST_RIDING_OF_YORKSHIRE
EH6	EDINBURGH
TN10	KENT
CH8	DENBIGHSHIRE|FLINTSHIRE
DD5	ANGUS|DUNDEE
AB14	ABERDEENSHIRE|ABERDEEN
BN9	EAST_SUSSEX
BT6	BELFAST|LISBURN_AND_CASTLEREAGH
RM9	GREATER_LONDON
DH4	DURHAM|SUNDERLAND
TD13	EAST_LOTHIAN|SCOTTISH_BORDERS
EH48	WEST_LOTHIAN|FALKIRK|NORTH_LANARKSHIRE
L16	KNOWSLEY|SAINT_HELENS|SEFTON|WIRRAL
IV17	HIGHLAND
B26	BIRMINGHAM|COVENTRY|WOLVERHAMPTON|DUDLEY|SANDWELL|SOLIHULL|WALSALL
PO13	HAMPSHIRE
B4	BIRMINGHAM
NN14	NORTHAMPTONSHIRE
LA17	CUMBRIA
CR7	GREATER_LONDON
DL4	DURHAM
HP4	HERTFORDSHIRE
SE5	GREATER_LONDON
MK10	MILTON_KEYNES
AL10	HERTFORDSHIRE
SO19	HAMPSHIRE
N8	GREATER_LONDON
CO7	SUFFOLK|ESSEX
ME1	KENT
B71	SANDWELL|BIRMINGHAM
CF40	RHONDDA_CYNON_TAFF
BH13	DORSET
SE18	GREATER_LONDON
CH45	WIRRAL
EH7	EDINBURGH
NE43	NORTHUMBERLAND
OX17	WARWICKSHIRE|OXFORDSHIRE|NORTHAMPTONSHIRE
FY4	LANCASHIRE|BLACKPOOL
HD6	BRADFORD|CALDERDALE|KIRKLEES|LEEDS|WAKEFIELD
OX25	OXFORDSHIRE
SN4	WILTSHIRE
TN11	KENT
YO41	NORTH_YORKSHIRE|YORK|EAST_RIDING_OF_YORKSHIRE
EH12	EDINBURGH
CW8	CHESHIRE_WEST_AND_CHESTER
YO7	NORTH_YORKSHIRE
IP14	SUFFOLK
FK4	FALKIRK|NORTH_LANARKSHIRE
B91	SOLIHULL
IP7	SUFFOLK
G53	GLASGOW|EAST_RENFREWSHIRE
BT26	LISBURN_AND_CASTLEREAGH
SA12	NEATH_PORT_TALBOT
SO40	HAMPSHIRE
ME15	KENT
CT10	KENT
CA15	CUMBRIA
TD2	SCOTTISH_BORDERS
KT7	SURREY
DG3	DUMFRIES_AND_GALLOWAY
SE6	GREATER_LONDON
B79	WARWICKSHIRE|LEICESTERSHIRE|STAFFORDSHIRE|DERBYSHIRE
B92	BIRMINGHAM|COVENTRY|WOLVERHAMPTON|DUDLEY|SANDWELL|SOLIHULL|WALSALL
OX29	OXFORDSHIRE
DH6	DURHAM
LL47	GWYNEDD
TA11	SOMERSET
IP26	SUFFOLK|NORFOLK
GU11	SURREY|HAMPSHIRE
CV6	WARWICKSHIRE|COVENTRY
DE73	LEICESTERSHIRE|DERBY|DERBYSHIRE
KT15	SURREY
RM1	GREATER_LONDON
HP6	BUCKINGHAMSHIRE
HA2	GREATER_LONDON
IV36	MORAY
PA15	INVERCLYDE|EAST_RENFREWSHIRE|RENFREWSHIRE
GL50	GLOUCESTERSHIRE
SW15	GREATER_LONDON
TN12	KENT
KW17	ORKNEY_ISLANDS
DA1	KENT|GREATER_LONDON
ST9	STAFFORDSHIRE
TW10	GREATER_LONDON
CH4	FLINTSHIRE|CHESHIRE_WEST_AND_CHESTER
NR28	NORFOLK
BB4	LANCASHIRE
BN7	EAST_SUSSEX
RM18	THURROCK|KENT|MEDWAY
BN42	WEST_SUSSEX
TN16	SURREY|GREATER_LONDON|KENT
SE21	GREATER_LONDON
SW12	GREATER_LONDON
LA13	CUMBRIA
SS17	ESSEX
PE38	NORFOLK|CAMBRIDGESHIRE
LA18	CUMBRIA
CR4	GREATER_LONDON
IV3	HIGHLAND
BL4	BOLTON
IV43	HIGHLAND
NE24	NORTHUMBERLAND
KA26	SOUTH_AYRSHIRE
BT80	MID_ULSTER
BS31	SOMERSET
IP2	SUFFOLK
SG15	CENTRAL_BEDFORDSHIRE|HERTFORDSHIRE
G76	GLASGOW|EAST_RENFREWSHIRE|SOUTH_LANARKSHIRE
L28	KNOWSLEY|SAINT_HELENS|SEFTON|WIRRAL
SW1V	GREATER_LONDON
HP27	BUCKINGHAMSHIRE
L27	KNOWSLEY|SAINT_HELENS|SEFTON|WIRRAL
SE7	GREATER_LONDON
PA62	ARGYLL_AND_BUTE
EC4A	GREATER_LONDON
W2	GREATER_LONDON
GU12	SURREY|HAMPSHIRE
CF72	CARDIFF|RHONDDA_CYNON_TAFF|VALE_OF_GLAMORGAN|BRIDGEND
RH77	WEST_SUSSEX
L1	KNOWSLEY|SAINT_HELENS|SEFTON|WIRRAL
KT9	SURREY|GREATER_LONDON
CH26	WIRRAL
TA13	SOMERSET
TQ7	DEVON
WS10	BIRMINGHAM|COVENTRY|WOLVERHAMPTON|DUDLEY|SANDWELL|SOLIHULL|WALSALL
DA9	KENT
L25	KNOWSLEY|SAINT_HELENS|SEFTON|WIRRAL
OL5	MANCHESTER|BOLTON|BURY|OLDHAM|ROCHDALE|STOCKPORT|TAMESIDE|TRAFFORD|WIGAN|SALFORD
RH5	WEST_SUSSEX|SURREY
EC1M	GREATER_LONDON
OX44	OXFORDSHIRE
SE10	GREATER_LONDON
CV32	WARWICKSHIRE
W1W	GREATER_LONDON
NE92	GATESHEAD
KA24	NORTH_AYRSHIRE
SS3	ESSEX
LL49	GWYNEDD
NG17	NOTTINGHAMSHIRE
NN11	WARWICKSHIRE|NORTHAMPTONSHIRE|OXFORDSHIRE
TD7	SCOTTISH_BORDERS
M29	MANCHESTER|BOLTON|BURY|OLDHAM|ROCHDALE|STOCKPORT|TAMESIDE|TRAFFORD|WIGAN|SALFORD
NE41	SOUTH_TYNESIDE|NORTH_TYNESIDE|NORTHUMBERLAND
ST20	STAFFORDSHIRE
BT76	MID_ULSTER|FERMANAGH_AND_OMAGH
CA6	NORTHUMBERLAND|CUMBRIA|DUMFRIES_AND_GALLOWAY|SCOTTISH_BORDERS
TA2	SOMERSET
EH41	EAST_LOTHIAN
TN21	EAST_SUSSEX
LL75	ANGLESEY
EH28	WEST_LOTHIAN|EDINBURGH
LL23	GWYNEDD
SK11	STAFFORDSHIRE|CHESHIRE_EAST|DERBYSHIRE
ME13	KENT
YO15	EAST_RIDING_OF_YORKSHIRE
PA48	ARGYLL_AND_BUTE
B48	WORCESTERSHIRE
RH4	SURREY
FK9	STIRLING|CLACKMANNANSHIRE
RM4	GREATER_LONDON|ESSEX
LL17	CONWY|DENBIGHSHIRE
B2	BIRMINGHAM
RG22	HAMPSHIRE
IV99	HIGHLAND
NR2	NORFOLK
KY9	FIFE
CT7	KENT
DA5	KENT|GREATER_LONDON
EX3	DEVON
GL18	HEREFORDSHIRE|GLOUCESTERSHIRE
OL6	TAMESIDE
RM5	GREATER_LONDON
IP13	SUFFOLK
TN18	KENT
IG11	GREATER_LONDON
BN17	WEST_SUSSEX|EAST_SUSSEX|BRIGHTON_AND_HOVE
SA80	SWANSEA
TQ6	DEVON
AB13	ABERDEENSHIRE|ABERDEEN
PA29	ARGYLL_AND_BUTE
EC1P	GREATER_LONDON
KY10	FIFE
BT42	ANTRIM_AND_NEWTOWNABBEY|MID_AND_EAST_ANTRIM
HD8	BRADFORD|CALDERDALE|KIRKLEES|LEEDS|WAKEFIELD
SW9	GREATER_LONDON
PA46	ARGYLL_AND_BUTE
PO9	WEST_SUSSEX|HAMPSHIRE|PORTSMOUTH
PE26	CAMBRIDGESHIRE
OL16	MANCHESTER|BOLTON|BURY|OLDHAM|ROCHDALE|STOCKPORT|TAMESIDE|TRAFFORD|WIGAN|SALFORD
WR5	WORCESTERSHIRE
DL8	NORTH_YORKSHIRE
PL19	DEVON
PO36	ISLE_OF_WIGHT
WC1V	GREATER_LONDON
HR9	HEREFORDSHIRE
DN3	DONCASTER
NN15	NORTHAMPTONSHIRE
NR16	NORFOLK
GL19	WORCESTERSHIRE|GLOUCESTERSHIRE
CB1	CAMBRIDGESHIRE
SW1W	GREATER_LONDON
CF11	CARDIFF|VALE_OF_GLAMORGAN
BH19	DORSET
NR26	NORFOLK
NE5	NEWCASTLE_UPON_TYNE
BN3	BRIGHTON_AND_HOVE
ST10	STAFFORDSHIRE
B7	BIRMINGHAM
HR8	WORCESTERSHIRE|GLOUCESTERSHIRE|HEREFORDSHIRE
OX26	OXFORDSHIRE
PO32	ISLE_OF_WIGHT
DA7	GREATER_LONDON
TR9	CORNWALL
PA18	INVERCLYDE
EN7	HERTFORDSHIRE
TN22	EAST_SUSSEX
IV14	HIGHLAND
RH7	SURREY
RM20	THURROCK
SA10	NEATH_PORT_TALBOT|POWYS
IP3	SUFFOLK
KY3	FIFE
PE1	PETERBOROUGH
N16	GREATER_LONDON
WS6	STAFFORDSHIRE
PH43	HIGHLAND
PE33	NORFOLK
HX4	BRADFORD|CALDERDALE|KIRKLEES|LEEDS|WAKEFIELD
EN8	HERTFORDSHIRE|GREATER_LONDON|ESSEX
PH23	HIGHLAND
PH7	PERTHSHIRE_AND_KINROSS
KY14	PERTHSHIRE_AND_KINROSS|FIFE
DN17	NORTH_YORKSHIRE|BARNSLEY|DONCASTER|ROTHERHAM|EAST_RIDING_OF_YORKSHIRE|LINCOLNSHIRE|NORTH_LINCOLNSHIRE
WR10	WORCESTERSHIRE
NP7	HEREFORDSHIRE|MONMOUTHSHIRE|POWYS
GU8	WEST_SUSSEX|SURREY
LL59	GWYNEDD|ANGLESEY
IV8	HIGHLAND
TN30	KENT
HU5	EAST_RIDING_OF_YORKSHIRE
DN6	BARNSLEY|DONCASTER|ROTHERHAM|SHEFFIELD
BS5	BRISTOL
CT15	KENT
OL10	ROCHDALE
NR6	NORFOLK
DH98	SOUTH_TYNESIDE|NORTH_TYNESIDE|NEWCASTLE_UPON_TYNE|SUNDERLAND|GATESHEAD
DY2	DUDLEY
YO26	NORTH_YORKSHIRE
BD97	BRADFORD
CW1	CHESHIRE_EAST
PO37	ISLE_OF_WIGHT
WN8	KNOWSLEY|SAINT_HELENS|SEFTON|WIRRAL|BOLTON|BURY|MANCHESTER|OLDHAM|ROCHDALE|SALFORD|STOCKPORT|TAMESIDE|TRAFFORD|WIGAN|LANCASHIRE
PO30	ISLE_OF_WIGHT
M27	SALFORD
HP2	HERTFORDSHIRE
BL78	BOLTON
TN24	KENT
SY23	CEREDIGION|POWYS
CM18	ESSEX
RH20	WEST_SUSSEX
PO17	HAMPSHIRE
S8	BARNSLEY|DONCASTER|ROTHERHAM|SHEFFIELD
ME5	KENT
E5	GREATER_LONDON
CB2	CAMBRIDGESHIRE
BD2	BRADFORD
BH9	DORSET
WF15	KIRKLEES
N3	GREATER_LONDON
S35	BARNSLEY|DONCASTER|ROTHERHAM|SHEFFIELD
LE10	WARWICKSHIRE|LEICESTERSHIRE|RUTLAND
CM21	HERTFORDSHIRE|ESSEX
PL6	DEVON
ML12	SOUTH_LANARKSHIRE|DUMFRIES_AND_GALLOWAY|SCOTTISH_BORDERS
BT14	ANTRIM_AND_NEWTOWNABBEY|BELFAST
DN21	NOTTINGHAMSHIRE|LINCOLNSHIRE|NORTH_LINCOLNSHIRE
HG2	NORTH_YORKSHIRE
OX5	OXFORDSHIRE
L30	SEFTON
G62	GLASGOW|STIRLING|EAST_DUNBARTONSHIRE
SA66	PEMBROKESHIRE|CARMARTHENSHIRE
SG7	HERTFORDSHIRE
AB10	ABERDEEN
AL5	HERTFORDSHIRE
SS0	SOUTHEND-ON-SEA|ESSEX
PA69	ARGYLL_AND_BUTE
TW15	SURREY
DG14	DUMFRIES_AND_GALLOWAY|SCOTTISH_BORDERS
TR27	CORNWALL
IP29	SUFFOLK
BT93	FERMANAGH_AND_OMAGH
G23	GLASGOW
L9	KNOWSLEY|SAINT_HELENS|SEFTON|WIRRAL
DN55	DONCASTER
GL12	GLOUCESTERSHIRE
LE18	LEICESTERSHIRE
TW19	SURREY|GREATER_LONDON|BRACKNELL_FOREST|READING|SLOUGH|WEST_BERKSHIRE|WINDSOR_AND_MAIDENHEAD|WOKINGHAM
NE33	SOUTH_TYNESIDE
HS9	EILEAN_SIAR
RG21	HAMPSHIRE
E12	GREATER_LONDON
PH4	PERTHSHIRE_AND_KINROSS
CM15	ESSEX
CA8	NORTHUMBERLAND|CUMBRIA
G52	GLASGOW|RENFREWSHIRE
SS12	ESSEX
L6	KNOWSLEY|SAINT_HELENS|SEFTON|WIRRAL
SA13	NEATH_PORT_TALBOT
N12	GREATER_LONDON
BT43	MID_AND_EAST_ANTRIM
M20	MANCHESTER
DN4	DONCASTER
CO13	ESSEX
IP1	SUFFOLK
PR25	LANCASHIRE
W1U	GREATER_LONDON
KT10	SURREY
HA8	GREATER_LONDON
ST16	STAFFORDSHIRE
TW18	SURREY
CT16	KENT
PO33	ISLE_OF_WIGHT
ST18	STAFFORDSHIRE
FK7	STIRLING|FALKIRK
GL15	GLOUCESTERSHIRE
CH46	WIRRAL
LU5	CENTRAL_BEDFORDSHIRE|LUTON
BS9	BRISTOL
PH30	HIGHLAND
SA14	CARMARTHENSHIRE
SN1	SWINDON
TN3	KENT
KW1	HIGHLAND
PE14	NORFOLK|CAMBRIDGESHIRE|LINCOLNSHIRE
TS17	STOCKTON-ON-TEES|MIDDLESBROUGH|HARTLEPOOL
WD99	HERTFORDSHIRE
GL55	WARWICKSHIRE
PE6	LINCOLNSHIRE|PETERBOROUGH|CAMBRIDGESHIRE
LN4	LINCOLNSHIRE
SA2	SWANSEA
KT12	SURREY
TA9	SOMERSET
SY8	WORCESTERSHIRE|HEREFORDSHIRE|SHROPSHIRE
NG10	NOTTINGHAMSHIRE|LEICESTERSHIRE|DERBYSHIRE
G22	GLASGOW
TS20	STOCKTON-ON-TEES|HARTLEPOOL
DN12	BARNSLEY|DONCASTER|ROTHERHAM|SHEFFIELD
PH31	HIGHLAND
BN24	EAST_SUSSEX
G11	GLASGOW
PH32	HIGHLAND
CH60	WIRRAL
PH42	HIGHLAND
DE1	DERBY
CA2	CUMBRIA
L5	KNOWSLEY|SAINT_HELENS|SEFTON|WIRRAL
PO11	HAMPSHIRE
SS11	ESSEX
NE7	SOUTH_TYNESIDE|NORTH_TYNESIDE|NEWCASTLE_UPON_TYNE|SUNDERLAND|GATESHEAD
CW4	CHESHIRE_EAST|CHESHIRE_WEST_AND_CHESTER
TS25	HARTLEPOOL|STOCKTON-ON-TEES
LE95	LEICESTERSHIRE
LL30	CONWY
BN8	WEST_SUSSEX|EAST_SUSSEX
PE2	CAMBRIDGESHIRE
PE24	LINCOLNSHIRE
NW3	GREATER_LONDON
KA1	EAST_AYRSHIRE|SOUTH_AYRSHIRE
B23	BIRMINGHAM
WC2B	GREATER_LONDON
CB23	CAMBRIDGESHIRE
RG28	HAMPSHIRE
IP15	SUFFOLK
CT4	KENT
CV34	WARWICKSHIRE
S65	BARNSLEY|DONCASTER|ROTHERHAM|SHEFFIELD
SP6	WILTSHIRE|HAMPSHIRE|DORSET
G82	WEST_DUNBARTONSHIRE|EAST_DUNBARTONSHIRE|ARGYLL_AND_BUTE|INVERCLYDE|RENFREWSHIRE|EAST_RENFREWSHIRE
CV37	WORCESTERSHIRE|WARWICKSHIRE|GLOUCESTERSHIRE
BT17	BELFAST|LISBURN_AND_CASTLEREAGH
CW10	CHESHIRE_EAST|CHESHIRE_WEST_AND_CHESTER
ST21	STAFFORDSHIRE
PA21	ARGYLL_AND_BUTE
AB55	ABERDEENSHIRE|MORAY
E1	GREATER_LONDON
BA11	WILTSHIRE|SOMERSET
HP14	OXFORDSHIRE|BUCKINGHAMSHIRE
EC3A	GREATER_LONDON
PH41	HIGHLAND
LS4	LEEDS
SO53	HAMPSHIRE
SA45	CEREDIGION
BT10	BELFAST
BH22	DORSET
OX9	OXFORDSHIRE
IV31	MORAY
WA5	KNOWSLEY|SAINT_HELENS|SEFTON|WIRRAL|WARRINGTON
PL13	CORNWALL
BL3	MANCHESTER|BOLTON|BURY|OLDHAM|ROCHDALE|STOCKPORT|TAMESIDE|TRAFFORD|WIGAN|SALFORD
DL10	NORTH_YORKSHIRE
BA2	WILTSHIRE|SOMERSET|BATH_AND_NORTH_EAST_SOMERSET
B37	BIRMINGHAM|COVENTRY|WOLVERHAMPTON|DUDLEY|SANDWELL|SOLIHULL|WALSALL
TR15	CORNWALL
CM13	GREATER_LONDON|ESSEX
NE20	SOUTH_TYNESIDE|NORTH_TYNESIDE|NORTHUMBERLAND
KT5	GREATER_LONDON
IP16	SUFFOLK
CF81	CAERPHILLY
WA2	KNOWSLEY|SAINT_HELENS|SEFTON|WIRRAL|WARRINGTON
B9	BIRMINGHAM
WV98	WORCESTERSHIRE
SY24	CEREDIGION
SE20	GREATER_LONDON
SG11	HERTFORDSHIRE
SA17	CARMARTHENSHIRE
CR90	GREATER_LONDON
SK7	MANCHESTER|BOLTON|BURY|OLDHAM|ROCHDALE|STOCKPORT|TAMESIDE|TRAFFORD|WIGAN|SALFORD
S36	BARNSLEY|DONCASTER|ROTHERHAM|SHEFFIELD
MK77	MILTON_KEYNES
IV30	MORAY
IV41	HIGHLAND
PE15	CAMBRIDGESHIRE
PA44	ARGYLL_AND_BUTE
CM23	HERTFORDSHIRE
TS5	MIDDLESBROUGH|HARTLEPOOL|STOCKTON-ON-TEES
BN99	WEST_SUSSEX
SN9	WILTSHIRE
PE37	NORFOLK
TN27	KENT
DE74	NOTTINGHAMSHIRE|LEICESTERSHIRE|DERBYSHIRE
SE3	GREATER_LONDON
SN7	OXFORDSHIRE
B20	BIRMINGHAM
KT4	SURREY|GREATER_LONDON
EC2A	GREATER_LONDON
SA8	SWANSEA|NEATH_PORT_TALBOT
TN33	EAST_SUSSEX
CO12	ESSEX|SUFFOLK
S13	BARNSLEY|DONCASTER|ROTHERHAM|SHEFFIELD
SN3	SWINDON|OXFORDSHIRE
PH22	HIGHLAND
WV6	WOLVERHAMPTON|STAFFORDSHIRE|SHROPSHIRE
SR1	SUNDERLAND
KT1	GREATER_LONDON
LS98	LEEDS
PA76	ARGYLL_AND_BUTE
SN10	WILTSHIRE
RH2	SURREY
GU26	SURREY|HAMPSHIRE
PA16	INVERCLYDE|RENFREWSHIRE|EAST_RENFREWSHIRE|ARGYLL_AND_BUTE|EAST_AYRSHIRE|NORTH_AYRSHIRE
TR8	CORNWALL
WF5	BRADFORD|CALDERDALE|KIRKLEES|LEEDS|WAKEFIELD
M33	MANCHESTER|BOLTON|BURY|OLDHAM|ROCHDALE|STOCKPORT|TAMESIDE|TRAFFORD|WIGAN|SALFORD
ST17	STAFFORDSHIRE
AB22	ABERDEEN
PA61	ARGYLL_AND_BUTE
MK42	BEDFORDSHIRE
B27	BIRMINGHAM|COVENTRY|WOLVERHAMPTON|DUDLEY|SANDWELL|SOLIHULL|WALSALL
EC2R	GREATER_LONDON
DE72	LEICESTERSHIRE|DERBY|DERBYSHIRE
PO5	PORTSMOUTH
N10	GREATER_LONDON
MK18	OXFORDSHIRE|NORTHAMPTONSHIRE|BUCKINGHAMSHIRE
L67	KNOWSLEY|SAINT_HELENS|SEFTON|WIRRAL
G31	GLASGOW
BS99	BRISTOL
N1P	GREATER_LONDON
PL9	DEVON
PL7	DEVON
GU34	HAMPSHIRE
WA11	KNOWSLEY|SAINT_HELENS|SEFTON|WIRRAL
PA45	ARGYLL_AND_BUTE
EX31	DEVON
LA2	NORTH_YORKSHIRE|LANCASHIRE
ME11	KENT
E14	GREATER_LONDON
G58	GLASGOW
WC1N	GREATER_LONDON
LL58	ANGLESEY
TQ13	DEVON
PL22	CORNWALL
SO14	SOUTHAMPTON|HAMPSHIRE
MK40	BEDFORDSHIRE
B74	BIRMINGHAM|WALSALL|STAFFORDSHIRE
KY2	FIFE
N5	GREATER_LONDON
SN5	WILTSHIRE
FK15	STIRLING|PERTHSHIRE_AND_KINROSS
RG29	HAMPSHIRE
KY4	PERTHSHIRE_AND_KINROSS|FIFE
YO12	NORTH_YORKSHIRE
B61	WORCESTERSHIRE
GU35	HAMPSHIRE
CF47	MERTHYR_TYDFIL
OX18	OXFORDSHIRE
CH30	WIRRAL
GL6	GLOUCESTERSHIRE
UB8	GREATER_LONDON|BUCKINGHAMSHIRE
PH44	HIGHLAND
ME7	KENT
BT28	LISBURN_AND_CASTLEREAGH
WV16	SHROPSHIRE
YO14	NORTH_YORKSHIRE
PE31	NORFOLK
CB3	CAMBRIDGESHIRE
B1	BIRMINGHAM
SP4	WILTSHIRE
HX6	CALDERDALE
SR3	SUNDERLAND
SK5	MANCHESTER|BOLTON|BURY|OLDHAM|ROCHDALE|STOCKPORT|TAMESIDE|TRAFFORD|WIGAN|SALFORD
PO16	HAMPSHIRE
CB7	SUFFOLK|NORFOLK|CAMBRIDGESHIRE
LU4	CENTRAL_BEDFORDSHIRE|LUTON
SO25	HAMPSHIRE
AB11	ABERDEEN
WN7	WIGAN
PE21	LINCOLNSHIRE
TS12	NORTH_YORKSHIRE
IV12	HIGHLAND
GU17	SURREY|HAMPSHIRE|BRACKNELL_FOREST|READING|SLOUGH|WEST_BERKSHIRE|WINDSOR_AND_MAIDENHEAD|WOKINGHAM
SO97	HAMPSHIRE
LE8	LEICESTERSHIRE
EX35	SOMERSET|DEVON
YO31	YORK
SO17	SOUTHAMPTON
M24	MANCHESTER|BOLTON|BURY|OLDHAM|ROCHDALE|STOCKPORT|TAMESIDE|TRAFFORD|WIGAN|SALFORD
AB12	ABERDEENSHIRE|ABERDEEN
CV11	WARWICKSHIRE
ME4	MEDWAY
TR5	CORNWALL
CR0	GREATER_LONDON
BT2	BELFAST
TS15	NORTH_YORKSHIRE|HARTLEPOOL|STOCKTON-ON-TEES
SG13	HERTFORDSHIRE
OX12	OXFORDSHIRE
EH33	EAST_LOTHIAN
EX17	DEVON
G84	ARGYLL_AND_BUTE|EAST_DUNBARTONSHIRE|WEST_DUNBARTONSHIRE
CM4	ESSEX
PA6	RENFREWSHIRE
BT4	BELFAST
L31	KNOWSLEY|SAINT_HELENS|SEFTON|WIRRAL
CB25	CAMBRIDGESHIRE
LS16	LEEDS
E98	GREATER_LONDON
RG24	HAMPSHIRE
KW16	ORKNEY_ISLANDS
BN10	EAST_SUSSEX
N14	GREATER_LONDON
DH7	DURHAM
B90	WORCESTERSHIRE|BIRMINGHAM|SOLIHULL
RH11	WEST_SUSSEX
BD17	BRADFORD
DE5	DERBYSHIRE
NE37	SOUTH_TYNESIDE|NORTH_TYNESIDE|NEWCASTLE_UPON_TYNE|SUNDERLAND|GATESHEAD
PO2	PORTSMOUTH
BT38	ANTRIM_AND_NEWTOWNABBEY|MID_AND_EAST_ANTRIM
RG27	HAMPSHIRE
L23	SEFTON
PL32	CORNWALL
DN1	DONCASTER
NE16	SOUTH_TYNESIDE|NORTH_TYNESIDE|DURHAM
EH27	WEST_LOTHIAN|EDINBURGH
TN34	EAST_SUSSEX
TD15	NORTHUMBERLAND
NW26	GREATER_LONDON
NG31	LINCOLNSHIRE
PL34	CORNWALL
TN13	KENT
KT6	SURREY|GREATER_LONDON
WR6	WORCESTERSHIRE
AB16	ABERDEEN
IP25	NORFOLK
PA42	ARGYLL_AND_BUTE
CF2	CARDIFF
CF4	CARDIFF
CF03	CARDIFF
CF05	CARDIFF
NP1	NEWPORT
SO3	SOUTHAMPTON|HAMPSHIRE
RG3	BRACKNELL_FOREST|READING|SLOUGH|WEST_BERKSHIRE|WINDSOR_AND_MAIDENHEAD|WOKINGHAM
NP9	NEWPORT
BN4	BRIGHTON_AND_HOVE
CF2	CARDIFF
M48	BOLTON|BURY|MANCHESTER|OLDHAM|ROCHDALE|SALFORD|STOCKPORT|TAMESIDE|TRAFFORD|WIGAN